"","sector","country","value"
"1","C01","AUS",0.00885945287570748
"2","C02","AUS",0.000134029417851178
"3","C03","AUS",0.0010574324634652
"4","C04","AUS",0.00647600224853702
"5","C05","AUS",0.0309468517977005
"6","C06","AUS",0.00773619623542167
"7","C07","AUS",0.00035830503166459
"8","C08","AUS",0.00146755729530101
"9","C09","AUS",0.000679621091580872
"10","C10","AUS",0.00878481662185995
"11","C11","AUS",0.00447830314447127
"12","C12","AUS",0.00752423035745765
"13","C13","AUS",0.00307045476954684
"14","C14","AUS",0.000818945919130503
"15","C15","AUS",0.00156051759801202
"16","C16","AUS",0.00430773635546902
"17","C17","AUS",0.0131393200519191
"18","C18","AUS",0.00492807929173379
"19","C19","AUS",0.0113441746551634
"20","C20","AUS",0.0202522289754162
"21","C21","AUS",0.0068896214246075
"22","C22","AUS",0.00548257817247577
"23","C23","AUS",0.0111692599801134
"24","C24","AUS",0.00584066287320495
"25","C25","AUS",0.000730488754874179
"26","C26","AUS",0.166819015956948
"27","C27","AUS",0.00568295298577215
"28","C28","AUS",0.0394631882351038
"29","C29","AUS",0.0605170421754906
"30","C30","AUS",0.0154618258152441
"31","C31","AUS",0.00190402311099587
"32","C32","AUS",0.000618110150944594
"33","C33","AUS",0.0115104525157017
"34","C34","AUS",0.000879994981717081
"35","C35","AUS",0.0427753723679235
"36","C36","AUS",0.00368119294432762
"37","C37","AUS",0.00547306368181791
"38","C38","AUS",0.0109766857172187
"39","C39","AUS",0.011518169656173
"40","C40","AUS",0.0232530740350475
"41","C41","AUS",0.0281541221624849
"42","C42","AUS",0.119022092847589
"43","C43","AUS",0.0201265214395854
"44","C44","AUS",0.000134777765417837
"45","C45","AUS",3.07950615945855e-05
"46","C46","AUS",0.00666787896624224
"47","C47","AUS",0.0785350955345251
"48","C48","AUS",0.058125016561636
"49","C49","AUS",0.0916485214952428
"50","C50","AUS",0.0289841464325691
"51","C01","AUT",0.00639721672847505
"52","C02","AUT",0.00136704353375328
"53","C03","AUT",0.000153712096986779
"54","C04","AUT",0.00115493040125156
"55","C05","AUT",0.0337285015589413
"56","C06","AUT",0.0153100650555115
"57","C07","AUT",0.00467448625019157
"58","C08","AUT",0.00128176003314483
"59","C09","AUT",0.000409829746364497
"60","C10","AUT",0.00914489669131411
"61","C11","AUT",0.00538071828968256
"62","C12","AUT",0.00863904611481203
"63","C13","AUT",0.0037890424895577
"64","C14","AUT",0.00337690782183842
"65","C15","AUT",0.00232961490848636
"66","C16","AUT",0.00648858316674251
"67","C17","AUT",0.0133755007275189
"68","C18","AUT",0.0115853611984551
"69","C19","AUT",0.0301411856291463
"70","C20","AUT",0.0246089368909638
"71","C21","AUT",0.00377473478075271
"72","C22","AUT",0.0147491375109648
"73","C23","AUT",0.0142288345800987
"74","C24","AUT",6.47784789607589e-05
"75","C25","AUT",0.000668956120945268
"76","C26","AUT",0.0908735186691557
"77","C27","AUT",0.0182046215636427
"78","C28","AUT",0.0374384962332173
"79","C29","AUT",0.0672889469609978
"80","C30","AUT",0.0227579810799109
"81","C31","AUT",0.000289052526222312
"82","C32","AUT",0.00511753736949861
"83","C33","AUT",0.0105509819182882
"84","C34","AUT",0.00118776300311829
"85","C35","AUT",0.0667361784849737
"86","C36","AUT",0.00404390381427769
"87","C37","AUT",0.00408550119675492
"88","C38","AUT",0.00822440022587757
"89","C39","AUT",0.0154408040028853
"90","C40","AUT",0.0087628545784589
"91","C41","AUT",0.0161038835766151
"92","C42","AUT",0.0946409338766335
"93","C43","AUT",0.00416942277842731
"94","C44","AUT",0.010144635144741
"95","C45","AUT",0.00637044900760674
"96","C46","AUT",0.0164900021994967
"97","C47","AUT",0.0736096619457015
"98","C48","AUT",0.0628367356345897
"99","C49","AUT",0.100580058356343
"100","C50","AUT",0.0372278950477067
"101","C01","BEL",0.00666909454909214
"102","C02","BEL",0.000297047656472467
"103","C03","BEL",0.000350217582032056
"104","C04","BEL",0.000335471982334782
"105","C05","BEL",0.0374009198420951
"106","C06","BEL",0.00967529486666161
"107","C07","BEL",0.00106800849967703
"108","C08","BEL",0.0013221235982268
"109","C09","BEL",0.000395189358193273
"110","C10","BEL",0.0116288429824987
"111","C11","BEL",0.00584096205029335
"112","C12","BEL",0.0103205129453175
"113","C13","BEL",0.00236169546903222
"114","C14","BEL",0.00202897610635974
"115","C15","BEL",0.00107986181642665
"116","C16","BEL",0.00960010452526569
"117","C17","BEL",0.0116085882431384
"118","C18","BEL",0.00659351880970317
"119","C19","BEL",0.017333410025209
"120","C20","BEL",0.0240153645524594
"121","C21","BEL",0.00481918866716132
"122","C22","BEL",0.00908278912529788
"123","C23","BEL",0.0186122071541966
"124","C24","BEL",0.00348809132451034
"125","C25","BEL",0.00714598469685547
"126","C26","BEL",0.105777363725394
"127","C27","BEL",0.0135495266119322
"128","C28","BEL",0.0651656827068724
"129","C29","BEL",0.0349453423075327
"130","C30","BEL",0.0128508310910256
"131","C31","BEL",0.000199009120665965
"132","C32","BEL",0.00199595533203605
"133","C33","BEL",0.0177947035404032
"134","C34","BEL",0.000673572671199496
"135","C35","BEL",0.0309756319277079
"136","C36","BEL",0.00565844342045143
"137","C37","BEL",0.00491364875107323
"138","C38","BEL",0.0109749052841517
"139","C39","BEL",0.0119660611664376
"140","C40","BEL",0.0157009999141347
"141","C41","BEL",0.0203917225543176
"142","C42","BEL",0.0876851890428137
"143","C43","BEL",0.00340502373924772
"144","C44","BEL",0.00571279956451896
"145","C45","BEL",0.00976809777267132
"146","C46","BEL",0.0173492178608582
"147","C47","BEL",0.0965150345112425
"148","C48","BEL",0.0739403807280916
"149","C49","BEL",0.115406166865292
"150","C50","BEL",0.0336112233614127
"151","C01","BGR",0.0348240579231257
"152","C02","BGR",0.00267989473376822
"153","C03","BGR",0.000822702630862424
"154","C04","BGR",0.00108876226481062
"155","C05","BGR",0.0949223283333237
"156","C06","BGR",0.0180142452404319
"157","C07","BGR",0.00291216887438495
"158","C08","BGR",0.0029640343680863
"159","C09","BGR",0.00108704685081529
"160","C10","BGR",0.0242519656653805
"161","C11","BGR",0.00850767703648011
"162","C12","BGR",0.0194630763719041
"163","C13","BGR",0.00627298818759976
"164","C14","BGR",0.00684364885119446
"165","C15","BGR",0.00171474022056595
"166","C16","BGR",0.0109347973150706
"167","C17","BGR",0.021714796202888
"168","C18","BGR",0.0140272529226378
"169","C19","BGR",0.0421239748086645
"170","C20","BGR",0.0244661474417991
"171","C21","BGR",0.00497683815054004
"172","C22","BGR",0.0147302869538713
"173","C23","BGR",0.0220246669873276
"174","C24","BGR",0.0053040245807723
"175","C25","BGR",0.00276402455004911
"176","C26","BGR",0.101835882893084
"177","C27","BGR",0.0137948940999121
"178","C28","BGR",0.0285783967804814
"179","C29","BGR",0.0124842003160597
"180","C30","BGR",0.0334129947059966
"181","C31","BGR",0.000924292755512823
"182","C32","BGR",0.00682598979771498
"183","C33","BGR",0.00972715280429755
"184","C34","BGR",0.00327125130376852
"185","C35","BGR",0.0421268993426895
"186","C36","BGR",0.00371502842046739
"187","C37","BGR",0.00610556255034554
"188","C38","BGR",0.0227696313720075
"189","C39","BGR",0.00652328641404094
"190","C40","BGR",0.0077007170096476
"191","C41","BGR",0.00375404934830488
"192","C42","BGR",0.0790781785356934
"193","C43","BGR",0.00236165281267462
"194","C44","BGR",0.00498580372527423
"195","C45","BGR",0.00572925244689049
"196","C46","BGR",0.0162701790721624
"197","C47","BGR",0.081953480798122
"198","C48","BGR",0.0433357778473891
"199","C49","BGR",0.0432500321933323
"200","C50","BGR",0.0300492651877859
"201","C01","BRA",0.0193049058923096
"202","C02","BRA",0.00182047093946511
"203","C03","BRA",0.00111828709725218
"204","C04","BRA",0.00336287444201469
"205","C05","BRA",0.0641555182354928
"206","C06","BRA",0.0220012435869781
"207","C07","BRA",0.000469371245704876
"208","C08","BRA",0.00212631726905777
"209","C09","BRA",0.000281513860014804
"210","C10","BRA",0.0190222214148981
"211","C11","BRA",0.0153499090058913
"212","C12","BRA",0.00883386295577753
"213","C13","BRA",0.00324995329698558
"214","C14","BRA",0.000754189132863121
"215","C15","BRA",0.00140739270337898
"216","C16","BRA",0.00449706646811872
"217","C17","BRA",0.018745673727404
"218","C18","BRA",0.008586076383408
"219","C19","BRA",0.0193454224737621
"220","C20","BRA",0.0386278983207873
"221","C21","BRA",0.00751356728667434
"222","C22","BRA",0.0100191580542057
"223","C23","BRA",0.0109123631014472
"224","C24","BRA",0.00400128245470539
"225","C25","BRA",8.15525966164598e-06
"226","C26","BRA",0.105541050732605
"227","C27","BRA",0.0154200429893949
"228","C28","BRA",0.0314876060605424
"229","C29","BRA",0.0456499634604623
"230","C30","BRA",0.0220284547869572
"231","C31","BRA",0.000459362235921462
"232","C32","BRA",0.00189646715786253
"233","C33","BRA",0.00428144968562626
"234","C34","BRA",1.43387903576984e-05
"235","C35","BRA",0.0349242825291753
"236","C36","BRA",0.00237303486140517
"237","C37","BRA",0.000321837761690621
"238","C38","BRA",0.0179424440207043
"239","C39","BRA",0.00959174951248335
"240","C40","BRA",0.0448938835293697
"241","C41","BRA",3.71558540768479e-05
"242","C42","BRA",0.076429876423961
"243","C43","BRA",0.00238509646804924
"244","C44","BRA",0.00576621713601042
"245","C45","BRA",0.000196402882370868
"246","C46","BRA",0.00766310574902106
"247","C47","BRA",0.123253628382294
"248","C48","BRA",0.0648076951867444
"249","C49","BRA",0.0587875040671399
"250","C50","BRA",0.0383326551275101
"251","C01","CAN",0.0069082571254974
"252","C02","CAN",0.00189210391264859
"253","C03","CAN",0.00119622960452581
"254","C04","CAN",0.00631763967738231
"255","C05","CAN",0.0421065406618621
"256","C06","CAN",0.0121040809553329
"257","C07","CAN",0.000566127322921756
"258","C08","CAN",0.00238358313920448
"259","C09","CAN",0.00172293855644323
"260","C10","CAN",0.013380851227705
"261","C11","CAN",0.00161700963629029
"262","C12","CAN",0.00711715452245666
"263","C13","CAN",0.00277662763049923
"264","C14","CAN",0.000821509077865383
"265","C15","CAN",0.000730604589006308
"266","C16","CAN",0.00303833389183893
"267","C17","CAN",0.0141317606689952
"268","C18","CAN",0.0050543991818266
"269","C19","CAN",0.0145939171765581
"270","C20","CAN",0.0262595087738977
"271","C21","CAN",0.0112559026838993
"272","C22","CAN",0.0146580786272451
"273","C23","CAN",0.0120670564978163
"274","C24","CAN",2.56502899502551e-06
"275","C25","CAN",0.00102606851040871
"276","C26","CAN",0.140874411048895
"277","C27","CAN",0.0128966945275974
"278","C28","CAN",0.0338879272044051
"279","C29","CAN",0.0466202271595375
"280","C30","CAN",0.00932068802396313
"281","C31","CAN",0.000472885736762736
"282","C32","CAN",0.0061659917694574
"283","C33","CAN",0.00322409802223488
"284","C34","CAN",0.00077166406116052
"285","C35","CAN",0.0244542457781892
"286","C36","CAN",0.000221481327852369
"287","C37","CAN",0.00390435720123312
"288","C38","CAN",0.0141100023482216
"289","C39","CAN",0.0123036810423319
"290","C40","CAN",0.0312058659957034
"291","C41","CAN",0.0114559822821079
"292","C42","CAN",0.118901109011746
"293","C43","CAN",0.00233111230282911
"294","C44","CAN",0.0059846401242272
"295","C45","CAN",0.00399399128315814
"296","C46","CAN",0.0114439686312291
"297","C47","CAN",0.150112767119599
"298","C48","CAN",0.0625558913783672
"299","C49","CAN",0.0623873882398414
"300","C50","CAN",0.0266700796982136
"301","C01","CHE",0.00564843138474749
"302","C02","CHE",0.000400434819130774
"303","C03","CHE",3.07632664718334e-05
"304","C04","CHE",0.000488133667717078
"305","C05","CHE",0.0340213313989408
"306","C06","CHE",0.00975376661190454
"307","C07","CHE",0.000892393480162998
"308","C08","CHE",0.000567511728603676
"309","C09","CHE",0.000738490280801705
"310","C10","CHE",0.00176950052468284
"311","C11","CHE",0.00765510388697519
"312","C12","CHE",0.00719424844659187
"313","C13","CHE",0.00126405763795881
"314","C14","CHE",0.000581574348950765
"315","C15","CHE",0.000431968263925893
"316","C16","CHE",0.00214179748351171
"317","C17","CHE",0.0289447159614586
"318","C18","CHE",0.0127007901200153
"319","C19","CHE",0.0283894628099631
"320","C20","CHE",0.0193374967526261
"321","C21","CHE",0.00710400192970264
"322","C22","CHE",0.0101565543290339
"323","C23","CHE",0.00771593412973595
"324","C24","CHE",0.00166392032984841
"325","C25","CHE",7.17833946798615e-05
"326","C26","CHE",0.0934111355432137
"327","C27","CHE",0.0138528236262194
"328","C28","CHE",0.0484708954027548
"329","C29","CHE",0.0467300381145648
"330","C30","CHE",0.0161024188027883
"331","C31","CHE",0.000440164046365042
"332","C32","CHE",0.00502219936661948
"333","C33","CHE",0.00175405080408974
"334","C34","CHE",0.000673286815407125
"335","C35","CHE",0.037743823769546
"336","C36","CHE",0.00476404091458687
"337","C37","CHE",5.48904817221085e-05
"338","C38","CHE",0.0136390836729525
"339","C39","CHE",0.0207885630992474
"340","C40","CHE",0.0132756272259203
"341","C41","CHE",0.0370175909378974
"342","C42","CHE",0.107142019232271
"343","C43","CHE",0.0160411350270885
"344","C44","CHE",0.00108182532052699
"345","C45","CHE",0.0309072929417912
"346","C46","CHE",0.00854122762959859
"347","C47","CHE",0.0877342697564321
"348","C48","CHE",0.054561690515399
"349","C49","CHE",0.118682864728383
"350","C50","CHE",0.0319028752364777
"351","C01","CHN",0.0338082622895338
"352","C02","CHN",6.98723832253757e-05
"353","C03","CHN",0.00568038947908399
"354","C04","CHN",0.000814558425760009
"355","C05","CHN",0.069330461857741
"356","C06","CHN",0.0194762379343462
"357","C07","CHN",0.000801217222856408
"358","C08","CHN",0.000318162064324261
"359","C09","CHN",0.000145238118938479
"360","C10","CHN",0.00394996709665857
"361","C11","CHN",0.00316021156892265
"362","C12","CHN",0.00479124551639616
"363","C13","CHN",0.000768110858335725
"364","C14","CHN",0.000799050224758136
"365","C15","CHN",0.00114526957451352
"366","C16","CHN",0.00586825233232524
"367","C17","CHN",0.0186791345571884
"368","C18","CHN",0.0193473930052924
"369","C19","CHN",0.0447053390966269
"370","C20","CHN",0.0547030368211798
"371","C21","CHN",0.020351739055945
"372","C22","CHN",0.00319255196692601
"373","C23","CHN",0.00638342558623261
"374","C24","CHN",0.00117643958200774
"375","C25","CHN",0.000893039374585903
"376","C26","CHN",0.288305713037326
"377","C27","CHN",0.000118494548465771
"378","C28","CHN",0.0306346482576692
"379","C29","CHN",0.00646028760995966
"380","C30","CHN",0.0100546794652889
"381","C31","CHN",0.00159129096770728
"382","C32","CHN",0.000742394287407633
"383","C33","CHN",0.000851805938184068
"384","C34","CHN",0.000340663569121852
"385","C35","CHN",0.0247865877159492
"386","C36","CHN",2.6165914263009e-05
"387","C37","CHN",8.94925026024559e-06
"388","C38","CHN",0.0115124940822682
"389","C39","CHN",0.0130381675101968
"390","C40","CHN",0.0090051678472089
"391","C41","CHN",0.00588182120124256
"392","C42","CHN",0.0493282623229773
"393","C43","CHN",0.00275478176733295
"394","C44","CHN",0.00660978254361975
"395","C45","CHN",0.00159817480363346
"396","C46","CHN",0.00668515817009792
"397","C47","CHN",0.074469968947076
"398","C48","CHN",0.0557336227379324
"399","C49","CHN",0.0539598255498525
"400","C50","CHN",0.0251424859612735
"401","C01","CYP",0.0202182693146748
"402","C02","CYP",0.000664228297648339
"403","C03","CYP",5.29528050941225e-05
"404","C04","CYP",0.000585841117595648
"405","C05","CYP",0.0826401752595989
"406","C06","CYP",0.0271263925551982
"407","C07","CYP",0.00107399699901074
"408","C08","CYP",0.00431597270688325
"409","C09","CYP",0.000433915751813515
"410","C10","CYP",0.0346968277562297
"411","C11","CYP",0.0121135421733809
"412","C12","CYP",0.012458150545406
"413","C13","CYP",0.00271003103963774
"414","C14","CYP",0.00195187415111874
"415","C15","CYP",0.000709619011677378
"416","C16","CYP",0.00967558574381071
"417","C17","CYP",0.00609988708781727
"418","C18","CYP",0.00486028115857578
"419","C19","CYP",0.00807230919330042
"420","C20","CYP",0.0265023487065722
"421","C21","CYP",0.00991821063305413
"422","C22","CYP",0.0127679709634594
"423","C23","CYP",0.0216215272463037
"424","C24","CYP",0.00361594361473277
"425","C25","CYP",0.000256598129864017
"426","C26","CYP",0.0497176953306673
"427","C27","CYP",0.0130216257580252
"428","C28","CYP",0.0278564222662379
"429","C29","CYP",0.0381415420704005
"430","C30","CYP",0.00459860865813688
"431","C31","CYP",0.00372525616083743
"432","C32","CYP",0.0168437956034591
"433","C33","CYP",0.0018104988445784
"434","C34","CYP",0.00149322056987136
"435","C35","CYP",0.0967283672206001
"436","C36","CYP",0.0189794586935343
"437","C37","CYP",0.00338430191037192
"438","C38","CYP",0.0233855061512095
"439","C39","CYP",0.0012003099229691
"440","C40","CYP",0.00808691183916111
"441","C41","CYP",0.0148628679791002
"442","C42","CYP",0.0986168907601251
"443","C43","CYP",0.000993005257711246
"444","C44","CYP",0.00310912510414864
"445","C45","CYP",0.000475596805210911
"446","C46","CYP",0.00158713901367765
"447","C47","CYP",0.0987903113419581
"448","C48","CYP",0.0628806364635758
"449","C49","CYP",0.0527475941603123
"450","C50","CYP",0.0518208601516657
"451","C01","CZE",0.0167828618080029
"452","C02","CZE",0.00132704447253395
"453","C03","CZE",0.00020643061320463
"454","C04","CZE",0.00181564580494484
"455","C05","CZE",0.0542422373003395
"456","C06","CZE",0.00550621154734706
"457","C07","CZE",0.000905762962126342
"458","C08","CZE",0.00161932527641528
"459","C09","CZE",0.000661131370081574
"460","C10","CZE",0.00936034318565506
"461","C11","CZE",0.00689339953948174
"462","C12","CZE",0.00902072577399691
"463","C13","CZE",0.00283282167847903
"464","C14","CZE",0.00241156372237931
"465","C15","CZE",0.00191237319815682
"466","C16","CZE",0.00825309410428841
"467","C17","CZE",0.0280793825925015
"468","C18","CZE",0.0114008963102659
"469","C19","CZE",0.0424933835641884
"470","C20","CZE",0.0385238523731548
"471","C21","CZE",0.00671901490980034
"472","C22","CZE",0.0111056455507281
"473","C23","CZE",0.0394165464869899
"474","C24","CZE",0.00445121932226423
"475","C25","CZE",0.00440709550664236
"476","C26","CZE",0.0967317952609993
"477","C27","CZE",0.00790769045883233
"478","C28","CZE",0.0489926555844462
"479","C29","CZE",0.0349622193458857
"480","C30","CZE",0.0182041619566538
"481","C31","CZE",0.000160991231059322
"482","C32","CZE",0.00157139897709959
"483","C33","CZE",0.0182752087285968
"484","C34","CZE",0.000755146612883841
"485","C35","CZE",0.0364088067844801
"486","C36","CZE",0.00341777720686043
"487","C37","CZE",0.00666025639473892
"488","C38","CZE",0.0114039596309147
"489","C39","CZE",0.0156869437770315
"490","C40","CZE",0.00920150900362275
"491","C41","CZE",0.0135652725926086
"492","C42","CZE",0.10067530887904
"493","C43","CZE",0.00156897354309568
"494","C44","CZE",0.00454420135673143
"495","C45","CZE",0.00571356782491016
"496","C46","CZE",0.0116516153101181
"497","C47","CZE",0.086628026798366
"498","C48","CZE",0.0513808950406665
"499","C49","CZE",0.0707204887454799
"500","C50","CZE",0.0328631199809024
"501","C01","DEU",0.00687643965543432
"502","C02","DEU",0.000663764158669147
"503","C03","DEU",0.000131061700279956
"504","C04","DEU",0.00109754376366785
"505","C05","DEU",0.0447194015314853
"506","C06","DEU",0.0115753618563022
"507","C07","DEU",0.00300745973945493
"508","C08","DEU",0.00239764788452134
"509","C09","DEU",0.00122564886507732
"510","C10","DEU",0.0137033214564212
"511","C11","DEU",0.00711092548708729
"512","C12","DEU",0.0137077060400062
"513","C13","DEU",0.00418486843628032
"514","C14","DEU",0.0035172843621527
"515","C15","DEU",0.00202497089727031
"516","C16","DEU",0.0103510803671879
"517","C17","DEU",0.0169929654303502
"518","C18","DEU",0.0103085165862531
"519","C19","DEU",0.0295419176131929
"520","C20","DEU",0.0431464790146947
"521","C21","DEU",0.0080568072346467
"522","C22","DEU",0.0136738534188545
"523","C23","DEU",0.0196795514050216
"524","C24","DEU",0.00205723957159293
"525","C25","DEU",0.00630691021100915
"526","C26","DEU",0.0747998105083234
"527","C27","DEU",0.0117468012982842
"528","C28","DEU",0.0290186570552397
"529","C29","DEU",0.0466679212754712
"530","C30","DEU",0.0114674092976062
"531","C31","DEU",0.000714727309677632
"532","C32","DEU",0.006203460794103
"533","C33","DEU",0.00342175249333382
"534","C34","DEU",0.00107769802903931
"535","C35","DEU",0.0300194371725979
"536","C36","DEU",0.00485105862549759
"537","C37","DEU",0.00805168105892503
"538","C38","DEU",0.011258071337873
"539","C39","DEU",0.0133836855186658
"540","C40","DEU",0.019752211232503
"541","C41","DEU",0.0171415170801316
"542","C42","DEU",0.097897874829615
"543","C43","DEU",0.00241559058213261
"544","C44","DEU",0.0118597942121212
"545","C45","DEU",0.0118557289330417
"546","C46","DEU",0.0127496695670243
"547","C47","DEU",0.0824130949228016
"548","C48","DEU",0.0559276590707318
"549","C49","DEU",0.11224933041919
"550","C50","DEU",0.046996630689154
"551","C01","DNK",0.00558431076443235
"552","C02","DNK",0.000513732115546695
"553","C03","DNK",0.000127233399897503
"554","C04","DNK",0.00158975275612863
"555","C05","DNK",0.0260119040542795
"556","C06","DNK",0.00779439650286537
"557","C07","DNK",0.00107820367085472
"558","C08","DNK",0.000814775569536413
"559","C09","DNK",0.000996855658578722
"560","C10","DNK",0.00598546861109435
"561","C11","DNK",0.00300649936344285
"562","C12","DNK",0.00735190289127276
"563","C13","DNK",0.00131233000114579
"564","C14","DNK",0.0012498254339022
"565","C15","DNK",0.000496204245580727
"566","C16","DNK",0.00253273777600985
"567","C17","DNK",0.0132213680803482
"568","C18","DNK",0.0040203690485328
"569","C19","DNK",0.0422309712875517
"570","C20","DNK",0.0143786276189737
"571","C21","DNK",0.00755047765056322
"572","C22","DNK",0.00645548932883945
"573","C23","DNK",0.0122582490239375
"574","C24","DNK",0.00202297932332003
"575","C25","DNK",0.00832565915051867
"576","C26","DNK",0.0897797412810065
"577","C27","DNK",0.0126083927752489
"578","C28","DNK",0.0444764305169328
"579","C29","DNK",0.0502680252822645
"580","C30","DNK",0.00958134699101162
"581","C31","DNK",0.00175642349127082
"582","C32","DNK",0.000702552689984412
"583","C33","DNK",0.00363378778855777
"584","C34","DNK",0.000280787953059147
"585","C35","DNK",0.0265514959004563
"586","C36","DNK",0.00398816508600044
"587","C37","DNK",0.00486437607820629
"588","C38","DNK",0.0109661936966399
"589","C39","DNK",0.00706610254924025
"590","C40","DNK",0.0258910699681161
"591","C41","DNK",0.0127019202777409
"592","C42","DNK",0.120085880773813
"593","C43","DNK",0.00290861364848454
"594","C44","DNK",0.00505168196712039
"595","C45","DNK",0.00736587539326724
"596","C46","DNK",0.0206832122172713
"597","C47","DNK",0.0799941248243017
"598","C48","DNK",0.0802914252713239
"599","C49","DNK",0.158492667265193
"600","C50","DNK",0.0430993829863562
"601","C01","ESP",0.00965465096116702
"602","C02","ESP",0.000191077247564615
"603","C03","ESP",0.00209976588008356
"604","C04","ESP",0.000379115654107896
"605","C05","ESP",0.0495670765148749
"606","C06","ESP",0.0150433490848626
"607","C07","ESP",0.000552148373063856
"608","C08","ESP",0.00166750009380768
"609","C09","ESP",0.000458501691069625
"610","C10","ESP",0.0117326951051275
"611","C11","ESP",0.00669900924109079
"612","C12","ESP",0.0109814099064363
"613","C13","ESP",0.00157618596192988
"614","C14","ESP",0.0010050478640122
"615","C15","ESP",0.00120626068140651
"616","C16","ESP",0.00591420047558533
"617","C17","ESP",0.0104502306744084
"618","C18","ESP",0.00555727543997322
"619","C19","ESP",0.0154189192040759
"620","C20","ESP",0.0211578779800087
"621","C21","ESP",0.00737051436205363
"622","C22","ESP",0.00836683659955246
"623","C23","ESP",0.0181360002425892
"624","C24","ESP",0.00415242148267229
"625","C25","ESP",0.00607080055846687
"626","C26","ESP",0.0890166618679512
"627","C27","ESP",0.0190870621279664
"628","C28","ESP",0.0413352709513373
"629","C29","ESP",0.0622912781194347
"630","C30","ESP",0.0130306032957534
"631","C31","ESP",0.000816723478980205
"632","C32","ESP",0.00258977147607726
"633","C33","ESP",0.00716663910665219
"634","C34","ESP",0.00042446307268918
"635","C35","ESP",0.0976869347480897
"636","C36","ESP",0.00228137775329522
"637","C37","ESP",0.00602183585671602
"638","C38","ESP",0.0147560173867233
"639","C39","ESP",0.0120319796612411
"640","C40","ESP",0.00720981245006805
"641","C41","ESP",0.014197014606051
"642","C42","ESP",0.0926391652508087
"643","C43","ESP",0.00552302104138214
"644","C44","ESP",0.00931582888319253
"645","C45","ESP",0.00629038637660516
"646","C46","ESP",0.00961837307233671
"647","C47","ESP",0.07398329250562
"648","C48","ESP",0.0610101838974954
"649","C49","ESP",0.0863480568199582
"650","C50","ESP",0.0499193749135848
"651","C01","EST",0.0172751170880403
"652","C02","EST",0.00132819243651694
"653","C03","EST",0.000544453012826439
"654","C04","EST",0.00134669144208243
"655","C05","EST",0.0780467181936146
"656","C06","EST",0.0185786748601183
"657","C07","EST",0.00224810298551914
"658","C08","EST",0.00127809702460906
"659","C09","EST",0.000567431755151242
"660","C10","EST",0.0155679035163914
"661","C11","EST",0.00467087098509983
"662","C12","EST",0.00888039858039455
"663","C13","EST",0.00323841809034332
"664","C14","EST",0.00322746549750776
"665","C15","EST",0.000648859962554944
"666","C16","EST",0.00802578213576207
"667","C17","EST",0.0181775655006668
"668","C18","EST",0.0110166108537764
"669","C19","EST",0.02124241733636
"670","C20","EST",0.0280701199405303
"671","C21","EST",0.0100918232319468
"672","C22","EST",0.0112825772904382
"673","C23","EST",0.022461013284257
"674","C24","EST",0.00371962010485843
"675","C25","EST",0.00127076642600831
"676","C26","EST",0.134039728021098
"677","C27","EST",0.00877280843697083
"678","C28","EST",0.0581025612288182
"679","C29","EST",0.0448541318468623
"680","C30","EST",0.0154598654150643
"681","C31","EST",0.00377781338316381
"682","C32","EST",0.00131809721618659
"683","C33","EST",0.00199891113273902
"684","C34","EST",0.00111503425958151
"685","C35","EST",0.039319290230916
"686","C36","EST",0.00298552375230595
"687","C37","EST",0.00390324286554406
"688","C38","EST",0.0118398138022657
"689","C39","EST",0.0141257715100556
"690","C40","EST",0.0141085058209323
"691","C41","EST",0.00678777841070364
"692","C42","EST",0.0767342288037212
"693","C43","EST",0.00299772031009475
"694","C44","EST",0.00311159996071898
"695","C45","EST",0.0134841718063638
"696","C46","EST",0.00861458295698873
"697","C47","EST",0.0928588947487231
"698","C48","EST",0.0579131753286068
"699","C49","EST",0.051287204327789
"700","C50","EST",0.0376838528884068
"701","C01","FIN",0.00760821300974038
"702","C02","FIN",0.00401170026405135
"703","C03","FIN",0.00077186450476512
"704","C04","FIN",0.000192391123731389
"705","C05","FIN",0.0337354739308037
"706","C06","FIN",0.00788476897419344
"707","C07","FIN",0.000520717368562999
"708","C08","FIN",0.00146363598159884
"709","C09","FIN",0.000149988592844081
"710","C10","FIN",0.0074894753841406
"711","C11","FIN",0.00530912408739194
"712","C12","FIN",0.00851122122544929
"713","C13","FIN",0.00203970297180016
"714","C14","FIN",0.00112829683808035
"715","C15","FIN",0.000963639963700579
"716","C16","FIN",0.00380431790342441
"717","C17","FIN",0.023584395170355
"718","C18","FIN",0.00521548126702015
"719","C19","FIN",0.018168804165998
"720","C20","FIN",0.0146483137397659
"721","C21","FIN",0.00429120013746971
"722","C22","FIN",0.00560028189585523
"723","C23","FIN",0.00949422550105336
"724","C24","FIN",0.00164348277254464
"725","C25","FIN",0.00106874230063077
"726","C26","FIN",0.110020018785667
"727","C27","FIN",0.0134341903645918
"728","C28","FIN",0.0316462556490031
"729","C29","FIN",0.055757787265847
"730","C30","FIN",0.00917950189527153
"731","C31","FIN",0.00346299014271435
"732","C32","FIN",0.00272627761148942
"733","C33","FIN",0.00185764004502741
"734","C34","FIN",0.000471544539935032
"735","C35","FIN",0.0279753015787833
"736","C36","FIN",0.00570573012694098
"737","C37","FIN",0.00563603740383602
"738","C38","FIN",0.00929786818648862
"739","C39","FIN",0.0182960472376452
"740","C40","FIN",0.0123761715859348
"741","C41","FIN",0.0127803993797538
"742","C42","FIN",0.129408009009408
"743","C43","FIN",0.00262950629817803
"744","C44","FIN",0.00672426367316706
"745","C45","FIN",0.0135031495564091
"746","C46","FIN",0.0108826360691798
"747","C47","FIN",0.087743835825736
"748","C48","FIN",0.068802784773513
"749","C49","FIN",0.13960613176035
"750","C50","FIN",0.0507764621601329
"751","C01","FRA",0.00835179860851784
"752","C02","FRA",0.000534815308872888
"753","C03","FRA",0.000403885404176679
"754","C04","FRA",0.000101812811880174
"755","C05","FRA",0.0454334690151372
"756","C06","FRA",0.00731629423805949
"757","C07","FRA",0.000467830325449808
"758","C08","FRA",0.0015969999158222
"759","C09","FRA",8.88197497228377e-05
"760","C10","FRA",0.0124948288752754
"761","C11","FRA",0.00330049093671908
"762","C12","FRA",0.00780791084509731
"763","C13","FRA",0.00153379463652966
"764","C14","FRA",0.00105532448654122
"765","C15","FRA",0.000341496754848262
"766","C16","FRA",0.00385744287089038
"767","C17","FRA",0.00733020731731183
"768","C18","FRA",0.00343014033363501
"769","C19","FRA",0.0173224272907506
"770","C20","FRA",0.0202640013126605
"771","C21","FRA",0.00488169932731011
"772","C22","FRA",0.00713709030735119
"773","C23","FRA",0.0158404607745124
"774","C24","FRA",0.00185535721717665
"775","C25","FRA",0.0028275814625376
"776","C26","FRA",0.104999481230012
"777","C27","FRA",0.018173129622361
"778","C28","FRA",0.0268279709218363
"779","C29","FRA",0.0630439707607024
"780","C30","FRA",0.0133502117471266
"781","C31","FRA",0.000208878397035916
"782","C32","FRA",0.0045464178077156
"783","C33","FRA",0.00356685269463158
"784","C34","FRA",0.000813195926101915
"785","C35","FRA",0.0345869583398862
"786","C36","FRA",0.00910061367201678
"787","C37","FRA",0.00529262571391683
"788","C38","FRA",0.0111910499865005
"789","C39","FRA",0.0225804999203465
"790","C40","FRA",0.00720775959414519
"791","C41","FRA",0.0195718811311043
"792","C42","FRA",0.118053388052686
"793","C43","FRA",0.00891010530506728
"794","C44","FRA",0.0121351443983852
"795","C45","FRA",0.0278626645619813
"796","C46","FRA",0.00520495369371345
"797","C47","FRA",0.100065672993801
"798","C48","FRA",0.0556229659414091
"799","C49","FRA",0.113035637933598
"800","C50","FRA",0.0384719895271246
"801","C01","GBR",0.00862756492063112
"802","C02","GBR",0.000210462794602362
"803","C03","GBR",0.000207915865747354
"804","C04","GBR",0.000831229392761464
"805","C05","GBR",0.0278125001917077
"806","C06","GBR",0.0135244214779808
"807","C07","GBR",0.000561185902641674
"808","C08","GBR",0.00105032614740129
"809","C09","GBR",0.000844721519529093
"810","C10","GBR",0.0104528923151744
"811","C11","GBR",0.00423357612820393
"812","C12","GBR",0.00539520318016474
"813","C13","GBR",0.00188707829110111
"814","C14","GBR",0.000760542516286436
"815","C15","GBR",0.000528426262053516
"816","C16","GBR",0.00447404650345184
"817","C17","GBR",0.00903929788641351
"818","C18","GBR",0.00397573552281984
"819","C19","GBR",0.00917912257671948
"820","C20","GBR",0.0224354669388184
"821","C21","GBR",0.0140670709719971
"822","C22","GBR",0.00800030332636224
"823","C23","GBR",0.0184906909063635
"824","C24","GBR",0.00299509928192987
"825","C25","GBR",0.00639569211746997
"826","C26","GBR",0.0774888257958054
"827","C27","GBR",0.012339397843987
"828","C28","GBR",0.0234909283533451
"829","C29","GBR",0.0841268071052275
"830","C30","GBR",0.0147870872224622
"831","C31","GBR",0.00413265054088973
"832","C32","GBR",0.00804797767806654
"833","C33","GBR",0.0016464633281226
"834","C34","GBR",0.000809496529717449
"835","C35","GBR",0.0450105349759547
"836","C36","GBR",0.0044066989265675
"837","C37","GBR",0.0104947759609397
"838","C38","GBR",0.0124523759635868
"839","C39","GBR",0.0127757257202461
"840","C40","GBR",0.0183554497004012
"841","C41","GBR",0.0341767747718279
"842","C42","GBR",0.133782737479867
"843","C43","GBR",0.00274626829686218
"844","C44","GBR",0.00795626028395444
"845","C45","GBR",0.00651567485377708
"846","C46","GBR",0.00676354509254425
"847","C47","GBR",0.0799106569141554
"848","C48","GBR",0.0626109765027285
"849","C49","GBR",0.11191809847495
"850","C50","GBR",0.0472732387456754
"851","C01","GRC",0.0289959956247187
"852","C02","GRC",0.00042649991068391
"853","C03","GRC",0.00469962253924211
"854","C04","GRC",0.000475660044737072
"855","C05","GRC",0.0952135611836213
"856","C06","GRC",0.0253310451764435
"857","C07","GRC",0.000425777195083719
"858","C08","GRC",0.00460106734070656
"859","C09","GRC",0.000553173805553001
"860","C10","GRC",0.0173768055100871
"861","C11","GRC",0.0119664636319154
"862","C12","GRC",0.0167270611703224
"863","C13","GRC",0.00198756990097898
"864","C14","GRC",0.00247282269582585
"865","C15","GRC",0.00133711622965859
"866","C16","GRC",0.00490828965731488
"867","C17","GRC",0.0103573309968435
"868","C18","GRC",0.00476949336976076
"869","C19","GRC",0.011649061409603
"870","C20","GRC",0.0125913897637497
"871","C21","GRC",0.0181749627837176
"872","C22","GRC",0.00979001319651473
"873","C23","GRC",0.0153715238737992
"874","C24","GRC",0.00364012112907536
"875","C25","GRC",0.00806984948179591
"876","C26","GRC",0.0483704193957556
"877","C27","GRC",0.0206562459391938
"878","C28","GRC",0.0153946021602067
"879","C29","GRC",0.0113768366130957
"880","C30","GRC",0.0205325314210561
"881","C31","GRC",0.00224910603861613
"882","C32","GRC",0.00963611655656527
"883","C33","GRC",0.00368309645308806
"884","C34","GRC",0.000390064603764341
"885","C35","GRC",0.102790514135273
"886","C36","GRC",0.00729583179128354
"887","C37","GRC",0.00289850272672254
"888","C38","GRC",0.0220859249392352
"889","C39","GRC",0.00415890760522407
"890","C40","GRC",0.0117499391155558
"891","C41","GRC",0.00981520033120731
"892","C42","GRC",0.101433850242473
"893","C43","GRC",0.00306472211574849
"894","C44","GRC",0.0012213658311118
"895","C45","GRC",0.00435574091860268
"896","C46","GRC",0.0122924648907191
"897","C47","GRC",0.112110733763929
"898","C48","GRC",0.0571441634902755
"899","C49","GRC",0.0532244030659512
"900","C50","GRC",0.0501564382335888
"901","C01","HRV",0.0335542107354836
"902","C02","HRV",0.00217283687541954
"903","C03","HRV",0.00308099770750278
"904","C04","HRV",0.0132857588421703
"905","C05","HRV",0.0929645081549478
"906","C06","HRV",0.0223505884961662
"907","C07","HRV",0.00303298573729194
"908","C08","HRV",0.00449120221988685
"909","C09","HRV",0.00513434026834973
"910","C10","HRV",0.00440994080803613
"911","C11","HRV",0.00559253055860317
"912","C12","HRV",0.0103827753988287
"913","C13","HRV",0.00582705354080027
"914","C14","HRV",0.00474264893938602
"915","C15","HRV",0.00372722247097439
"916","C16","HRV",0.00640437733190377
"917","C17","HRV",0.0166692637641795
"918","C18","HRV",0.012243390774248
"919","C19","HRV",0.0232741186139143
"920","C20","HRV",0.0132301675084773
"921","C21","HRV",0.0108606671783455
"922","C22","HRV",0.0079949495543674
"923","C23","HRV",0.0258698441657169
"924","C24","HRV",0.00425991489215174
"925","C25","HRV",0.00350907029272558
"926","C26","HRV",0.108380722936624
"927","C27","HRV",0.00898362307608744
"928","C28","HRV",0.0116029528846119
"929","C29","HRV",0.0147139386103917
"930","C30","HRV",0.0191078164921876
"931","C31","HRV",0.000187084367226988
"932","C32","HRV",0.00111850495282707
"933","C33","HRV",0.00707601717569021
"934","C34","HRV",0.00101257381643667
"935","C35","HRV",0.0795716091510779
"936","C36","HRV",0.00268133782988045
"937","C37","HRV",0.0044865410618442
"938","C38","HRV",0.0150799986518448
"939","C39","HRV",0.0061309303661701
"940","C40","HRV",0.0334472705259877
"941","C41","HRV",0.0102870255067712
"942","C42","HRV",0.0666521527394105
"943","C43","HRV",0.0077068543831496
"944","C44","HRV",0.0038535497462569
"945","C45","HRV",0.00279410639910499
"946","C46","HRV",0.0135185453328068
"947","C47","HRV",0.0988959021835281
"948","C48","HRV",0.041674880278062
"949","C49","HRV",0.0589508577104744
"950","C50","HRV",0.043019838991678
"951","C01","HUN",0.0210790457706411
"952","C02","HUN",0.00137089448040009
"953","C03","HUN",0.0002112328635403
"954","C04","HUN",0.00918139865444661
"955","C05","HUN",0.0522177481591196
"956","C06","HUN",0.00867510596402207
"957","C07","HUN",0.000646252639383856
"958","C08","HUN",0.00228091286126561
"959","C09","HUN",0.000755688935067447
"960","C10","HUN",0.0198791189575472
"961","C11","HUN",0.00518769110527965
"962","C12","HUN",0.0131919211735541
"963","C13","HUN",0.00239619199402285
"964","C14","HUN",0.00109303669412063
"965","C15","HUN",0.000896862119310438
"966","C16","HUN",0.00586448906148721
"967","C17","HUN",0.0188887560262359
"968","C18","HUN",0.0100474859634617
"969","C19","HUN",0.0375018691921699
"970","C20","HUN",0.0259511684364624
"971","C21","HUN",0.00644421552252835
"972","C22","HUN",0.00842510274067684
"973","C23","HUN",0.0175682883598611
"974","C24","HUN",0.00452012604302131
"975","C25","HUN",0.00595274050345775
"976","C26","HUN",0.0932687766789421
"977","C27","HUN",0.0127427350434533
"978","C28","HUN",0.0348677735941519
"979","C29","HUN",0.06725508779896
"980","C30","HUN",0.0209767033742665
"981","C31","HUN",0.000294529147908618
"982","C32","HUN",0.00185878697534247
"983","C33","HUN",0.00525013638297445
"984","C34","HUN",0.00152802530385486
"985","C35","HUN",0.038535307929648
"986","C36","HUN",0.00542106990930039
"987","C37","HUN",0.00501614437416349
"988","C38","HUN",0.0189385940586577
"989","C39","HUN",0.00752215907208638
"990","C40","HUN",0.0184947003714833
"991","C41","HUN",0.00817454885565283
"992","C42","HUN",0.0734064640290605
"993","C43","HUN",0.00270638098197658
"994","C44","HUN",0.0052404137521633
"995","C45","HUN",0.00942956439217242
"996","C46","HUN",0.010303273294865
"997","C47","HUN",0.110126029053496
"998","C48","HUN",0.0554838234795737
"999","C49","HUN",0.0662980705552314
"1000","C50","HUN",0.0466335573695424
"1001","C01","IDN",0.0461850068931389
"1002","C02","IDN",0.000203715165507477
"1003","C03","IDN",0.0157762479951371
"1004","C04","IDN",0.00127086045820648
"1005","C05","IDN",0.112553909322111
"1006","C06","IDN",0.0143727394886559
"1007","C07","IDN",0.000509979893290899
"1008","C08","IDN",0.00064410069632476
"1009","C09","IDN",2.8309254718131e-05
"1010","C10","IDN",0.0201682402990494
"1011","C11","IDN",0.00232110628102784
"1012","C12","IDN",0.00756029510184717
"1013","C13","IDN",0.0041340558691337
"1014","C14","IDN",0.00209729506371872
"1015","C15","IDN",0.000406060664824965
"1016","C16","IDN",0.00107071318953818
"1017","C17","IDN",0.0207871270745487
"1018","C18","IDN",0.00628897880922834
"1019","C19","IDN",0.0143433692325033
"1020","C20","IDN",0.023663958420144
"1021","C21","IDN",0.00257323841652194
"1022","C22","IDN",0.00337944568381682
"1023","C23","IDN",0.0148154723639849
"1024","C24","IDN",0.00074194245812392
"1025","C25","IDN",7.38923658977869e-06
"1026","C26","IDN",0.268517178231897
"1027","C27","IDN",0.0217416187165775
"1028","C28","IDN",0.0360722352348961
"1029","C29","IDN",0.0210067572617951
"1030","C30","IDN",0.0233492135898962
"1031","C31","IDN",0.00668182903639051
"1032","C32","IDN",0.0223638486371621
"1033","C33","IDN",0.0038389422430622
"1034","C34","IDN",0.000723894621164343
"1035","C35","IDN",0.0521949617435913
"1036","C36","IDN",0.00105846071731714
"1037","C37","IDN",0.00188427944849245
"1038","C38","IDN",0.0217117488759958
"1039","C39","IDN",0.000469038285582193
"1040","C40","IDN",0.0162536108582966
"1041","C41","IDN",0.00329687131955309
"1042","C42","IDN",0.0305263637003128
"1043","C43","IDN",0.00376054771451884
"1044","C44","IDN",2.35623706971449e-05
"1045","C45","IDN",8.37475635198884e-06
"1046","C46","IDN",0.0015811985031933
"1047","C47","IDN",0.0581512753748292
"1048","C48","IDN",0.049087897236787
"1049","C49","IDN",0.0209540246247286
"1050","C50","IDN",0.0188387095652281
"1051","C01","IND",0.102695109524654
"1052","C02","IND",0.00712153229416712
"1053","C03","IND",0.0060104964946687
"1054","C04","IND",0.000385563083076688
"1055","C05","IND",0.0632188803416258
"1056","C06","IND",0.0361709330963378
"1057","C07","IND",0.00380477423697536
"1058","C08","IND",0.00205724647671198
"1059","C09","IND",0.00375035216765098
"1060","C10","IND",0.0172632130802704
"1061","C11","IND",0.00568984095307637
"1062","C12","IND",0.0070443087638169
"1063","C13","IND",0.00804426373237858
"1064","C14","IND",0.0027834364109766
"1065","C15","IND",0.0124009062570102
"1066","C16","IND",0.00856973085877966
"1067","C17","IND",0.0121635991848262
"1068","C18","IND",0.01127960092026
"1069","C19","IND",0.0185391520823826
"1070","C20","IND",0.0300895708270072
"1071","C21","IND",0.00566456539890272
"1072","C22","IND",0.0244636431351205
"1073","C23","IND",0.00614252070334725
"1074","C24","IND",0.00244417837808004
"1075","C25","IND",1.14992398049161e-05
"1076","C26","IND",0.1484279685749
"1077","C27","IND",0.00421263468448869
"1078","C28","IND",0.0328788335623263
"1079","C29","IND",0.0528811019145395
"1080","C30","IND",0.0693315046021324
"1081","C31","IND",0.000655687682060552
"1082","C32","IND",0.00153865266432396
"1083","C33","IND",0.00263856304274679
"1084","C34","IND",2.17995506609878e-06
"1085","C35","IND",0.0251796978402743
"1086","C36","IND",5.97251744545488e-06
"1087","C37","IND",1.85072630796766e-06
"1088","C38","IND",0.00520757831678748
"1089","C39","IND",0.0110927374787399
"1090","C40","IND",0.0165970025417484
"1091","C41","IND",0.00473158780501557
"1092","C42","IND",0.0670730673327567
"1093","C43","IND",0.00188219510932762
"1094","C44","IND",0.00290822321026597
"1095","C45","IND",2.72874357807913e-06
"1096","C46","IND",0.000626178166393952
"1097","C47","IND",0.0687144746256173
"1098","C48","IND",0.0441537959385876
"1099","C49","IND",0.0226024184111391
"1100","C50","IND",0.0188444469115154
"1101","C01","IRL",0.0124717059966741
"1102","C02","IRL",0.0015752486404955
"1103","C03","IRL",0.000526353416605095
"1104","C04","IRL",0.00356658274479815
"1105","C05","IRL",0.0132330091346987
"1106","C06","IRL",0.00874959237743086
"1107","C07","IRL",0.000480373953634539
"1108","C08","IRL",0.0016689929480127
"1109","C09","IRL",0.00202556017829241
"1110","C10","IRL",0.000568105593036666
"1111","C11","IRL",0.0045830002142841
"1112","C12","IRL",0.00732431356136945
"1113","C13","IRL",0.0029845064439274
"1114","C14","IRL",0.000949705987058448
"1115","C15","IRL",0.000266466998365456
"1116","C16","IRL",0.0020210300936197
"1117","C17","IRL",0.0179691404491699
"1118","C18","IRL",0.00215370541016561
"1119","C19","IRL",0.0080078650251162
"1120","C20","IRL",0.0212540604854628
"1121","C21","IRL",0.00615627743846267
"1122","C22","IRL",0.0174570101807661
"1123","C23","IRL",0.0159491702372571
"1124","C24","IRL",0.00238211749386758
"1125","C25","IRL",0.00664660674707042
"1126","C26","IRL",0.104857951355969
"1127","C27","IRL",0.00434666614095107
"1128","C28","IRL",0.0455614903612556
"1129","C29","IRL",0.0740324933227506
"1130","C30","IRL",0.0221208589386047
"1131","C31","IRL",0.000979505684571211
"1132","C32","IRL",0.0173333021623428
"1133","C33","IRL",0.00232389563278721
"1134","C34","IRL",0.00189003080823191
"1135","C35","IRL",0.0606362913276794
"1136","C36","IRL",0.0221881822249604
"1137","C37","IRL",0.00104035300791624
"1138","C38","IRL",0.017123409528341
"1139","C39","IRL",0.0256542898684201
"1140","C40","IRL",0.00910566881281511
"1141","C41","IRL",0.017104348528574
"1142","C42","IRL",0.11177786347954
"1143","C43","IRL",0.00661874508297812
"1144","C44","IRL",0.00593785076272587
"1145","C45","IRL",0.00346464165819587
"1146","C46","IRL",0.0103139107499928
"1147","C47","IRL",0.0797584541133725
"1148","C48","IRL",0.0759551869957393
"1149","C49","IRL",0.087816745085623
"1150","C50","IRL",0.0310873626160139
"1151","C01","ITA",0.0114063522755108
"1152","C02","ITA",0.000629546785134554
"1153","C03","ITA",0.00107798620141524
"1154","C04","ITA",0.00450260959463229
"1155","C05","ITA",0.0431419950346301
"1156","C06","ITA",0.0180352464886866
"1157","C07","ITA",0.00177427567772836
"1158","C08","ITA",0.00208645366326097
"1159","C09","ITA",0.000453143983772858
"1160","C10","ITA",0.0115518151757887
"1161","C11","ITA",0.00485836940532991
"1162","C12","ITA",0.00532015863662256
"1163","C13","ITA",0.00381672868764854
"1164","C14","ITA",0.00279607501793498
"1165","C15","ITA",0.00147096004548551
"1166","C16","ITA",0.00678639762463185
"1167","C17","ITA",0.0102104764604964
"1168","C18","ITA",0.00530171612616808
"1169","C19","ITA",0.0218577289839974
"1170","C20","ITA",0.0165882883992314
"1171","C21","ITA",0.00509550520643036
"1172","C22","ITA",0.00781093125306537
"1173","C23","ITA",0.0128397995679127
"1174","C24","ITA",0.00333542023926389
"1175","C25","ITA",0.00620187782381756
"1176","C26","ITA",0.0897312966990927
"1177","C27","ITA",0.0162656953761017
"1178","C28","ITA",0.0520762969528477
"1179","C29","ITA",0.0651080169642177
"1180","C30","ITA",0.019827894605548
"1181","C31","ITA",0.00401760185324558
"1182","C32","ITA",0.0047228528227235
"1183","C33","ITA",0.0102792257617317
"1184","C34","ITA",0.000597987788537062
"1185","C35","ITA",0.0577927745003712
"1186","C36","ITA",0.00349775374276812
"1187","C37","ITA",0.00395391249903843
"1188","C38","ITA",0.0113691797848719
"1189","C39","ITA",0.0125539406747822
"1190","C40","ITA",0.0109384013448104
"1191","C41","ITA",0.0126643091267348
"1192","C42","ITA",0.116769356508291
"1193","C43","ITA",0.00473220425076858
"1194","C44","ITA",0.00337774461187502
"1195","C45","ITA",0.00626406929552369
"1196","C46","ITA",0.00850453245210789
"1197","C47","ITA",0.0863054000673178
"1198","C48","ITA",0.0472086004891707
"1199","C49","ITA",0.0903113718307014
"1200","C50","ITA",0.0521797216382121
"1201","C01","JPN",0.00749298257105296
"1202","C02","JPN",0.000688618766416779
"1203","C03","JPN",0.000407232883085221
"1204","C04","JPN",0.0002212565304376
"1205","C05","JPN",0.0537221234668228
"1206","C06","JPN",0.0109200427154891
"1207","C07","JPN",0.000178803259557118
"1208","C08","JPN",0.000806135030950787
"1209","C09","JPN",0.00015380136421322
"1210","C10","JPN",0.013159922113857
"1211","C11","JPN",0.00487292340196694
"1212","C12","JPN",0.00124344986493209
"1213","C13","JPN",0.00158622329518253
"1214","C14","JPN",0.000554759910466205
"1215","C15","JPN",0.00145866566544506
"1216","C16","JPN",0.00816281205445753
"1217","C17","JPN",0.0222834627318011
"1218","C18","JPN",0.0144404038545218
"1219","C19","JPN",0.0178378091596206
"1220","C20","JPN",0.0144105233814791
"1221","C21","JPN",0.00427602394331945
"1222","C22","JPN",0.0043293836269136
"1223","C23","JPN",0.0125526382852489
"1224","C24","JPN",0.00197199180492072
"1225","C25","JPN",0.000322038483671775
"1226","C26","JPN",0.11760550778905
"1227","C27","JPN",0.00616973491130844
"1228","C28","JPN",0.0414977069917666
"1229","C29","JPN",0.056070794567514
"1230","C30","JPN",0.0191590744118742
"1231","C31","JPN",0.00087982601646307
"1232","C32","JPN",0.00401976398392002
"1233","C33","JPN",0.00399417550595517
"1234","C34","JPN",0.000413708154118669
"1235","C35","JPN",0.0453027154132431
"1236","C36","JPN",0.00163627785202847
"1237","C37","JPN",0.00198760039596291
"1238","C38","JPN",0.0158608099169544
"1239","C39","JPN",0.0156630224758591
"1240","C40","JPN",0.00573764728941498
"1241","C41","JPN",0.0181394791933542
"1242","C42","JPN",0.135590063703343
"1243","C43","JPN",8.78085039042598e-06
"1244","C44","JPN",0.00725575785134282
"1245","C45","JPN",0.00324764245598287
"1246","C46","JPN",0.000873565634871233
"1247","C47","JPN",0.114181941375925
"1248","C48","JPN",0.039599227542168
"1249","C49","JPN",0.105654334162695
"1250","C50","JPN",0.0413968133886715
"1251","C01","KOR",0.0107934560356402
"1252","C02","KOR",0.000761939576397808
"1253","C03","KOR",0.00101208957277861
"1254","C04","KOR",0.000199982861097777
"1255","C05","KOR",0.0423020024878736
"1256","C06","KOR",0.0219141873652001
"1257","C07","KOR",0.000169774022274356
"1258","C08","KOR",0.000641390509359189
"1259","C09","KOR",0.000171962996209922
"1260","C10","KOR",0.00909933246451546
"1261","C11","KOR",0.00568067860377176
"1262","C12","KOR",0.00333380355653267
"1263","C13","KOR",0.000458908894772627
"1264","C14","KOR",0.000278433694930314
"1265","C15","KOR",0.00105481345546003
"1266","C16","KOR",0.00494557643451669
"1267","C17","KOR",0.0335777773904151
"1268","C18","KOR",0.00822548455904472
"1269","C19","KOR",0.035270812189296
"1270","C20","KOR",0.027649257780007
"1271","C21","KOR",0.0198288040632734
"1272","C22","KOR",0.00282927803881526
"1273","C23","KOR",0.0168140370543306
"1274","C24","KOR",0.00548491794324401
"1275","C25","KOR",0.00119598777707414
"1276","C26","KOR",0.145319432547279
"1277","C27","KOR",0.00321889800664015
"1278","C28","KOR",0.0220097623700326
"1279","C29","KOR",0.0265794978326928
"1280","C30","KOR",0.0183758271137229
"1281","C31","KOR",2.10334132017768e-05
"1282","C32","KOR",0.00122128179248101
"1283","C33","KOR",0.00345631873422225
"1284","C34","KOR",0.000355565076721771
"1285","C35","KOR",0.0318418358399127
"1286","C36","KOR",0.00742058822754147
"1287","C37","KOR",0.0179501181718224
"1288","C38","KOR",0.00483411978744579
"1289","C39","KOR",0.00881242691860955
"1290","C40","KOR",0.0194471771541985
"1291","C41","KOR",0.0176906086526523
"1292","C42","KOR",0.0756685380108614
"1293","C43","KOR",0.000964451947058628
"1294","C44","KOR",0.00266917541132017
"1295","C45","KOR",0.0337054014801956
"1296","C46","KOR",0.00395793374947635
"1297","C47","KOR",0.10517968889141
"1298","C48","KOR",0.0767906142527762
"1299","C49","KOR",0.0786918491016003
"1300","C50","KOR",0.0401231661892741
"1301","C01","LTU",0.0333597889727822
"1302","C02","LTU",0.00258405201765508
"1303","C03","LTU",0.000251336053438695
"1304","C04","LTU",0.000970651851644997
"1305","C05","LTU",0.118620018776853
"1306","C06","LTU",0.0275412057204161
"1307","C07","LTU",0.0036466239614315
"1308","C08","LTU",0.00222118993896875
"1309","C09","LTU",0.00133249446362159
"1310","C10","LTU",0.0383636443328885
"1311","C11","LTU",0.00955904346103375
"1312","C12","LTU",0.017100200107097
"1313","C13","LTU",0.00534053635636411
"1314","C14","LTU",0.00574237670145672
"1315","C15","LTU",0.000500380332510841
"1316","C16","LTU",0.00692716470985257
"1317","C17","LTU",0.0182917220612609
"1318","C18","LTU",0.0113941341247434
"1319","C19","LTU",0.0184273435016018
"1320","C20","LTU",0.0246617088761008
"1321","C21","LTU",0.00681627812160643
"1322","C22","LTU",0.0113959402820756
"1323","C23","LTU",0.0268278051817374
"1324","C24","LTU",0.00254411227597463
"1325","C25","LTU",0.00223383169165095
"1326","C26","LTU",0.105737184120337
"1327","C27","LTU",0.014028128533045
"1328","C28","LTU",0.0182232856583489
"1329","C29","LTU",0.0819650036909555
"1330","C30","LTU",0.0183788730614573
"1331","C31","LTU",0.000329997094255519
"1332","C32","LTU",0.00365801084264983
"1333","C33","LTU",0.00659248559842842
"1334","C34","LTU",0.000853557606047106
"1335","C35","LTU",0.0138688784747359
"1336","C36","LTU",0.00242300556144081
"1337","C37","LTU",0.00107451981716637
"1338","C38","LTU",0.013212237519105
"1339","C39","LTU",0.0103761809128642
"1340","C40","LTU",0.00798810876787093
"1341","C41","LTU",0.00625260218160416
"1342","C42","LTU",0.0559312701888636
"1343","C43","LTU",0.0051429203257007
"1344","C44","LTU",0.00576815759989369
"1345","C45","LTU",0.00204763435303512
"1346","C46","LTU",0.0151896101274779
"1347","C47","LTU",0.0842985416795364
"1348","C48","LTU",0.0532014087386899
"1349","C49","LTU",0.0474747904649647
"1350","C50","LTU",0.0293300232067613
"1351","C01","LUX",0.00748572842518231
"1352","C02","LUX",1.79967423932505e-05
"1353","C03","LUX",0.000495802621148662
"1354","C04","LUX",0.000107955445945771
"1355","C05","LUX",0.0467880930502684
"1356","C06","LUX",0.0202007680803125
"1357","C07","LUX",0.000330118373987656
"1358","C08","LUX",0.00126817951283349
"1359","C09","LUX",0.000464634146635089
"1360","C10","LUX",0.0222651671966694
"1361","C11","LUX",0.00730960665645099
"1362","C12","LUX",0.00728779832068438
"1363","C13","LUX",0.00507050850249642
"1364","C14","LUX",0.00264500266778978
"1365","C15","LUX",0.00108984589822662
"1366","C16","LUX",0.0104067723530566
"1367","C17","LUX",0.0128312761906421
"1368","C18","LUX",0.0055958753281137
"1369","C19","LUX",0.0197194628839321
"1370","C20","LUX",0.0390152343954061
"1371","C21","LUX",0.0369765977165172
"1372","C22","LUX",0.00948369663401522
"1373","C23","LUX",0.00949751439807651
"1374","C24","LUX",0.000775137131057525
"1375","C25","LUX",0.00167235412268771
"1376","C26","LUX",0.112025885220043
"1377","C27","LUX",0.00888275482803672
"1378","C28","LUX",0.0254151554791358
"1379","C29","LUX",0.019758433589089
"1380","C30","LUX",0.0167175294266027
"1381","C31","LUX",0.000924402079006851
"1382","C32","LUX",0.000749723778977068
"1383","C33","LUX",0.0235109381527114
"1384","C34","LUX",0.0124839512285063
"1385","C35","LUX",0.0346759745741
"1386","C36","LUX",0.0039353909279256
"1387","C37","LUX",0.00435783693907939
"1388","C38","LUX",0.00945260245570235
"1389","C39","LUX",0.00907623301396995
"1390","C40","LUX",0.0400688233022115
"1391","C41","LUX",0.0217438286953803
"1392","C42","LUX",0.0798486576581831
"1393","C43","LUX",0.0125841143492025
"1394","C44","LUX",0.00588534408016098
"1395","C45","LUX",0.00430515104926481
"1396","C46","LUX",0.00932490245893192
"1397","C47","LUX",0.0987685789394272
"1398","C48","LUX",0.051153861976629
"1399","C49","LUX",0.0969290803731927
"1400","C50","LUX",0.0286197186300382
"1401","C01","LVA",0.0240729511416668
"1402","C02","LVA",0.00473151682891991
"1403","C03","LVA",0.00144986883210408
"1404","C04","LVA",0.000750614511207885
"1405","C05","LVA",0.0877995006681753
"1406","C06","LVA",0.0188793105819777
"1407","C07","LVA",0.00611455684221515
"1408","C08","LVA",0.00179595216313777
"1409","C09","LVA",0.00232156715143539
"1410","C10","LVA",0.00882217726720785
"1411","C11","LVA",0.0082048370627336
"1412","C12","LVA",0.0148018842179525
"1413","C13","LVA",0.00303848261280486
"1414","C14","LVA",0.00344641632213878
"1415","C15","LVA",0.000928136346271419
"1416","C16","LVA",0.00431974556891284
"1417","C17","LVA",0.0112156343510154
"1418","C18","LVA",0.00891676080897481
"1419","C19","LVA",0.0171490789978984
"1420","C20","LVA",0.0128100606644132
"1421","C21","LVA",0.00747428788660188
"1422","C22","LVA",0.0166546378018637
"1423","C23","LVA",0.0323898211591194
"1424","C24","LVA",0.00180367613243202
"1425","C25","LVA",0.00329735340906743
"1426","C26","LVA",0.127923152641906
"1427","C27","LVA",0.0133776556645235
"1428","C28","LVA",0.0323234621219383
"1429","C29","LVA",0.0525402425037527
"1430","C30","LVA",0.0174410418077406
"1431","C31","LVA",0.000285896028582688
"1432","C32","LVA",0.00377441965998573
"1433","C33","LVA",0.00198848656750312
"1434","C34","LVA",0.00183031059146934
"1435","C35","LVA",0.0294074990309155
"1436","C36","LVA",0.00309387128853532
"1437","C37","LVA",0.00422751878400191
"1438","C38","LVA",0.0174261604527969
"1439","C39","LVA",0.00736456205903135
"1440","C40","LVA",0.00720026385806704
"1441","C41","LVA",0.00555673141378676
"1442","C42","LVA",0.109769972842033
"1443","C43","LVA",0.000931091831493749
"1444","C44","LVA",0.00282499413335209
"1445","C45","LVA",0.00615288069217219
"1446","C46","LVA",0.0113240180641023
"1447","C47","LVA",0.0934812403187686
"1448","C48","LVA",0.0574440323733391
"1449","C49","LVA",0.0438004404217577
"1450","C50","LVA",0.0453212255181904
"1451","C01","MEX",0.0106932349700462
"1452","C02","MEX",0.000164344152627394
"1453","C03","MEX",0.00124798414265688
"1454","C04","MEX",0.0110769177610796
"1455","C05","MEX",0.104329586089968
"1456","C06","MEX",0.0115177110326525
"1457","C07","MEX",0.000397179648899658
"1458","C08","MEX",0.00218246363581098
"1459","C09","MEX",0.000884855514357255
"1460","C10","MEX",0.00891669912547028
"1461","C11","MEX",0.00980658874834719
"1462","C12","MEX",0.00826881042443973
"1463","C13","MEX",0.00459678828064383
"1464","C14","MEX",0.00336316187416141
"1465","C15","MEX",0.00123181629897659
"1466","C16","MEX",0.00469689114423474
"1467","C17","MEX",0.0105528624512475
"1468","C18","MEX",0.00362102776684625
"1469","C19","MEX",0.0135208376165252
"1470","C20","MEX",0.0468536212885591
"1471","C21","MEX",0.00273986537791428
"1472","C22","MEX",0.00764047331351629
"1473","C23","MEX",0.00828200772647146
"1474","C24","MEX",0.00115746180963421
"1475","C25","MEX",0.000379994052234995
"1476","C26","MEX",0.126190298440172
"1477","C27","MEX",0.0094221232756837
"1478","C28","MEX",0.0668820107358486
"1479","C29","MEX",0.0583352914316607
"1480","C30","MEX",0.0690957100255504
"1481","C31","MEX",0.000938602777879272
"1482","C32","MEX",0.00717089467577958
"1483","C33","MEX",0.00387708794213559
"1484","C34","MEX",0.00066687963017203
"1485","C35","MEX",0.0273598748740941
"1486","C36","MEX",0.000582857251812264
"1487","C37","MEX",0.00427939090811332
"1488","C38","MEX",0.019585099946049
"1489","C39","MEX",0.000418423549664727
"1490","C40","MEX",0.0265504869546408
"1491","C41","MEX",0.0100513496954991
"1492","C42","MEX",2.28214005622717e-06
"1493","C43","MEX",0.00559595587514982
"1494","C44","MEX",0.000969363516897468
"1495","C45","MEX",0.00134671922704443
"1496","C46","MEX",0.109262104817354
"1497","C47","MEX",0.0640700582474793
"1498","C48","MEX",0.0491227865181716
"1499","C49","MEX",0.0344048882151767
"1500","C50","MEX",0.0256962750806049
"1501","C01","MLT",0.0143498398020006
"1502","C02","MLT",2.28935407505936e-05
"1503","C03","MLT",0.00543483690385693
"1504","C04","MLT",0.00112006595751616
"1505","C05","MLT",0.0573285483470549
"1506","C06","MLT",0.0202590074087042
"1507","C07","MLT",0.000705032307071028
"1508","C08","MLT",0.00322443176708663
"1509","C09","MLT",0.00226745717737574
"1510","C10","MLT",0.017312422732734
"1511","C11","MLT",0.0103060974965127
"1512","C12","MLT",0.0138262657901161
"1513","C13","MLT",0.00415027179471144
"1514","C14","MLT",0.00303703392792348
"1515","C15","MLT",0.00136935997487076
"1516","C16","MLT",0.00503672247757679
"1517","C17","MLT",0.0097568437409165
"1518","C18","MLT",0.010609282093399
"1519","C19","MLT",0.0155392802713627
"1520","C20","MLT",0.02380275311409
"1521","C21","MLT",0.00866687772639835
"1522","C22","MLT",0.0172070977827416
"1523","C23","MLT",0.0219575089907611
"1524","C24","MLT",0.00119705477589482
"1525","C25","MLT",0.00357325976808644
"1526","C26","MLT",0.0644749131930066
"1527","C27","MLT",0.00750907156923087
"1528","C28","MLT",0.035734358851907
"1529","C29","MLT",0.0533483475405776
"1530","C30","MLT",0.00477366056098369
"1531","C31","MLT",0.00753729879836525
"1532","C32","MLT",0.00352649558292501
"1533","C33","MLT",0.00725593292576221
"1534","C34","MLT",0.00858331203949483
"1535","C35","MLT",0.108911118970241
"1536","C36","MLT",0.00406561776094467
"1537","C37","MLT",0.00386357810901213
"1538","C38","MLT",0.0281146981658789
"1539","C39","MLT",0.0164809658426683
"1540","C40","MLT",0.019780903052031
"1541","C41","MLT",0.0169321457223217
"1542","C42","MLT",0.0416245016073826
"1543","C43","MLT",0.00540434148968686
"1544","C44","MLT",0.0103216855181701
"1545","C45","MLT",0.000532669364016614
"1546","C46","MLT",0.00897344925903343
"1547","C47","MLT",0.0801503016429597
"1548","C48","MLT",0.0446525853831761
"1549","C49","MLT",0.0927826353475254
"1550","C50","MLT",0.0526051660331897
"1551","C01","NLD",0.00812632182057636
"1552","C02","NLD",0.000288952115948028
"1553","C03","NLD",0.000119477136414504
"1554","C04","NLD",0.000217262152209855
"1555","C05","NLD",0.0414460536961151
"1556","C06","NLD",0.0133970547328273
"1557","C07","NLD",0.000811027806673584
"1558","C08","NLD",0.00177075494432275
"1559","C09","NLD",0.00121258065871094
"1560","C10","NLD",0.00761025967395798
"1561","C11","NLD",0.00281042290564853
"1562","C12","NLD",0.00746791316202392
"1563","C13","NLD",0.00254190038649058
"1564","C14","NLD",0.00103604455164325
"1565","C15","NLD",0.000806535304411545
"1566","C16","NLD",0.00583847011962613
"1567","C17","NLD",0.0306235854022302
"1568","C18","NLD",0.00557844872328429
"1569","C19","NLD",0.020904156919199
"1570","C20","NLD",0.022188048113769
"1571","C21","NLD",0.00867675290483624
"1572","C22","NLD",0.0147396543997573
"1573","C23","NLD",0.00912679659149161
"1574","C24","NLD",0.00173535288884876
"1575","C25","NLD",0.000873067349479687
"1576","C26","NLD",0.0626849326294232
"1577","C27","NLD",0.0133324985509375
"1578","C28","NLD",0.0377323812568916
"1579","C29","NLD",0.0621525032357042
"1580","C30","NLD",0.00974488849859999
"1581","C31","NLD",0.000474835281436568
"1582","C32","NLD",0.00244813250347331
"1583","C33","NLD",0.00531500955360066
"1584","C34","NLD",0.000573731822520212
"1585","C35","NLD",0.0335749051929981
"1586","C36","NLD",0.00386623797418379
"1587","C37","NLD",0.0030548144967542
"1588","C38","NLD",0.01348601237358
"1589","C39","NLD",0.0172896875222641
"1590","C40","NLD",0.00473480099772174
"1591","C41","NLD",0.021131291152803
"1592","C42","NLD",0.091303186843104
"1593","C43","NLD",0.00515122649890114
"1594","C44","NLD",0.0140635757085219
"1595","C45","NLD",0.00712537184641518
"1596","C46","NLD",0.0206268850250078
"1597","C47","NLD",0.112965559080493
"1598","C48","NLD",0.0643450533359302
"1599","C49","NLD",0.145128924013703
"1600","C50","NLD",0.0377466601445635
"1601","C01","NOR",0.00808893600567373
"1602","C02","NOR",0.00117873108460923
"1603","C03","NOR",0.00088551493473975
"1604","C04","NOR",0.02942124184281
"1605","C05","NOR",0.0438256550421565
"1606","C06","NOR",0.0106891691664331
"1607","C07","NOR",0.000665191089532056
"1608","C08","NOR",0.00133243169655831
"1609","C09","NOR",0.000137645708014278
"1610","C10","NOR",0.00746170034700233
"1611","C11","NOR",0.00392169691999443
"1612","C12","NOR",0.00350670529335422
"1613","C13","NOR",0.00160365686233667
"1614","C14","NOR",0.00201537400670797
"1615","C15","NOR",0.00102695472989748
"1616","C16","NOR",0.00472109395122609
"1617","C17","NOR",0.0113906301680859
"1618","C18","NOR",0.00568314366432432
"1619","C19","NOR",0.0163281094459011
"1620","C20","NOR",0.0151992174824148
"1621","C21","NOR",0.0281084863095786
"1622","C22","NOR",0.00831168053215237
"1623","C23","NOR",0.0127903593786706
"1624","C24","NOR",0.00193942036033769
"1625","C25","NOR",0.00293639123183898
"1626","C26","NOR",0.10919488734501
"1627","C27","NOR",0.0141757586175622
"1628","C28","NOR",0.0374433236768495
"1629","C29","NOR",0.0222972192299841
"1630","C30","NOR",0.0146280415697724
"1631","C31","NOR",0.00562510290566288
"1632","C32","NOR",0.00464654846894948
"1633","C33","NOR",0.0109513352056136
"1634","C34","NOR",0.000326587226400362
"1635","C35","NOR",0.0251337155868947
"1636","C36","NOR",0.00631468889309735
"1637","C37","NOR",0.00448302484574546
"1638","C38","NOR",0.0110957975238553
"1639","C39","NOR",0.0101211330356034
"1640","C40","NOR",0.0194129134946125
"1641","C41","NOR",0.0095894801451568
"1642","C42","NOR",0.0773203148001193
"1643","C43","NOR",0.00911169440529847
"1644","C44","NOR",0.0244448910030302
"1645","C45","NOR",0.00586432280430629
"1646","C46","NOR",0.00875804783564393
"1647","C47","NOR",0.0998276585477815
"1648","C48","NOR",0.0662001562334731
"1649","C49","NOR",0.145561531142562
"1650","C50","NOR",0.0343026882026859
"1651","C01","POL",0.0221541851314625
"1652","C02","POL",0.00141303255170999
"1653","C03","POL",0.000214178454666355
"1654","C04","POL",0.00387475755635159
"1655","C05","POL",0.0756495778748097
"1656","C06","POL",0.0165613007809893
"1657","C07","POL",0.00290713493489207
"1658","C08","POL",0.00151380483979932
"1659","C09","POL",0.00219366231734011
"1660","C10","POL",0.0137986659841376
"1661","C11","POL",0.00982427463612468
"1662","C12","POL",0.0113429975957473
"1663","C13","POL",0.00413566230302646
"1664","C14","POL",0.00502703777375223
"1665","C15","POL",0.00169575631605434
"1666","C16","POL",0.0112115395459303
"1667","C17","POL",0.0194047105029348
"1668","C18","POL",0.00964878183736995
"1669","C19","POL",0.0259236454705417
"1670","C20","POL",0.039190646892409
"1671","C21","POL",0.00448622964038846
"1672","C22","POL",0.0126716802269505
"1673","C23","POL",0.024256356940645
"1674","C24","POL",0.00102847420449355
"1675","C25","POL",0.00419794763774134
"1676","C26","POL",0.110207713231824
"1677","C27","POL",0.019682342891229
"1678","C28","POL",0.0403523874040456
"1679","C29","POL",0.0523628380211076
"1680","C30","POL",0.0199906419413203
"1681","C31","POL",0.00027787825494212
"1682","C32","POL",0.000621460243181549
"1683","C33","POL",0.0147228462462008
"1684","C34","POL",0.00139151488698378
"1685","C35","POL",0.0209172778052748
"1686","C36","POL",0.00450555166919851
"1687","C37","POL",0.00410770574377413
"1688","C38","POL",0.0176456450351547
"1689","C39","POL",0.0069926982035611
"1690","C40","POL",0.0219263652912218
"1691","C41","POL",0.0172951502013916
"1692","C42","POL",0.0672414831308693
"1693","C43","POL",0.00434644418269413
"1694","C44","POL",0.0127780823230354
"1695","C45","POL",0.00696718522661409
"1696","C46","POL",0.0122666706696882
"1697","C47","POL",0.0687143896685807
"1698","C48","POL",0.0577623205036302
"1699","C49","POL",0.0615900317376264
"1700","C50","POL",0.0310073335365837
"1701","C01","PRT",0.0150696442481504
"1702","C02","PRT",0.000587784164311616
"1703","C03","PRT",0.0034214641109525
"1704","C04","PRT",0.00019720163944309
"1705","C05","PRT",0.0718418659644327
"1706","C06","PRT",0.0323299418791705
"1707","C07","PRT",0.000608358889837207
"1708","C08","PRT",0.00409383495487598
"1709","C09","PRT",0.000394146850731802
"1710","C10","PRT",0.0238115842346782
"1711","C11","PRT",0.00799337881843708
"1712","C12","PRT",0.0108951374994755
"1713","C13","PRT",0.00209677616685157
"1714","C14","PRT",0.00206339051128612
"1715","C15","PRT",0.00039127146177842
"1716","C16","PRT",0.00465420766079083
"1717","C17","PRT",0.0114179988388063
"1718","C18","PRT",0.00729380533496872
"1719","C19","PRT",0.0143705622375279
"1720","C20","PRT",0.0271342210871471
"1721","C21","PRT",0.00225435828376117
"1722","C22","PRT",0.0117086807763726
"1723","C23","PRT",0.0187383403957683
"1724","C24","PRT",0.00403546746942575
"1725","C25","PRT",0.00329687539735796
"1726","C26","PRT",0.0652816708058601
"1727","C27","PRT",0.0200524223372369
"1728","C28","PRT",0.0143088407790188
"1729","C29","PRT",0.0597977669273143
"1730","C30","PRT",0.0111603612336717
"1731","C31","PRT",0.000703954628916095
"1732","C32","PRT",0.00346280734519162
"1733","C33","PRT",0.00717668825205395
"1734","C34","PRT",0.000899079620066914
"1735","C35","PRT",0.0704610166173182
"1736","C36","PRT",0.00470875604407617
"1737","C37","PRT",0.00318923734333135
"1738","C38","PRT",0.0179826858176638
"1739","C39","PRT",0.00710185320134614
"1740","C40","PRT",0.0187456796685907
"1741","C41","PRT",0.0173190848423061
"1742","C42","PRT",0.100787711459761
"1743","C43","PRT",0.00599313600939066
"1744","C44","PRT",0.00291934526876653
"1745","C45","PRT",0.00423693891313621
"1746","C46","PRT",0.00517070732864869
"1747","C47","PRT",0.0913397535931875
"1748","C48","PRT",0.0631693556467601
"1749","C49","PRT",0.0871419678219088
"1750","C50","PRT",0.0361888796181187
"1751","C01","ROU",0.0376977221864551
"1752","C02","ROU",0.00377134542171125
"1753","C03","ROU",0.000292742424951955
"1754","C04","ROU",0.00285323721972837
"1755","C05","ROU",0.12096065336965
"1756","C06","ROU",0.0247916289046591
"1757","C07","ROU",0.00154234925993592
"1758","C08","ROU",0.0022007127154347
"1759","C09","ROU",0.00157115849172795
"1760","C10","ROU",0.0283810566464187
"1761","C11","ROU",0.0120061562895622
"1762","C12","ROU",0.0168106892822207
"1763","C13","ROU",0.00525760990025797
"1764","C14","ROU",0.00255675650186906
"1765","C15","ROU",0.00101296024830481
"1766","C16","ROU",0.00442177626650774
"1767","C17","ROU",0.0129878865052288
"1768","C18","ROU",0.00461166333641679
"1769","C19","ROU",0.0354465181823553
"1770","C20","ROU",0.0441950766980641
"1771","C21","ROU",0.00330182597500013
"1772","C22","ROU",0.00837363209738281
"1773","C23","ROU",0.0207753749296202
"1774","C24","ROU",0.00447814748426026
"1775","C25","ROU",0.00502538959070505
"1776","C26","ROU",0.132884999241524
"1777","C27","ROU",0.0112462539364637
"1778","C28","ROU",0.0217104938982242
"1779","C29","ROU",0.0102243685979036
"1780","C30","ROU",0.0552915606618001
"1781","C31","ROU",0.00145175373048798
"1782","C32","ROU",0.00211087481799233
"1783","C33","ROU",0.00407631755067609
"1784","C34","ROU",0.000460910189503554
"1785","C35","ROU",0.0120816811276929
"1786","C36","ROU",0.00425299650836059
"1787","C37","ROU",0.00156193814880632
"1788","C38","ROU",0.0199719984056321
"1789","C39","ROU",0.0194548630745074
"1790","C40","ROU",0.00846870011005176
"1791","C41","ROU",0.00474990365095546
"1792","C42","ROU",0.0891516040473825
"1793","C43","ROU",0.00431040393803533
"1794","C44","ROU",0.00531112717725552
"1795","C45","ROU",0.00535846463132532
"1796","C46","ROU",0.0151779030597084
"1797","C47","ROU",0.0508864058410166
"1798","C48","ROU",0.0400144559553055
"1799","C49","ROU",0.0450684924511361
"1800","C50","ROU",0.0293974593198384
"1801","C01","ROW",0.0548314808580841
"1802","C02","ROW",0.00146894470941697
"1803","C03","ROW",0.00571522960658076
"1804","C04","ROW",0.00255428224836182
"1805","C05","ROW",0.058464184828168
"1806","C06","ROW",0.0209973755362606
"1807","C07","ROW",0.00114094943208648
"1808","C08","ROW",0.00116103991730684
"1809","C09","ROW",0.000612738540104397
"1810","C10","ROW",0.00675201435044481
"1811","C11","ROW",0.00488420989133799
"1812","C12","ROW",0.00427821969963739
"1813","C13","ROW",0.0028986822116262
"1814","C14","ROW",0.00141427096539668
"1815","C15","ROW",0.00128971535547251
"1816","C16","ROW",0.00375368680105465
"1817","C17","ROW",0.0193157241217201
"1818","C18","ROW",0.0112989767148654
"1819","C19","ROW",0.0163158915146793
"1820","C20","ROW",0.030717077327338
"1821","C21","ROW",0.015110665335197
"1822","C22","ROW",0.00714239282625326
"1823","C23","ROW",0.0255690171637342
"1824","C24","ROW",0.00532802300308421
"1825","C25","ROW",0.00207711593504108
"1826","C26","ROW",0.169161725613734
"1827","C27","ROW",0.00571931529404204
"1828","C28","ROW",0.0635329538343084
"1829","C29","ROW",0.0327074786854808
"1830","C30","ROW",0.0418545836978834
"1831","C31","ROW",0.00772073283380888
"1832","C32","ROW",0.00339638475986188
"1833","C33","ROW",0.0030152384584878
"1834","C34","ROW",0.000624243808247109
"1835","C35","ROW",0.0277617561701376
"1836","C36","ROW",0.00161741522523472
"1837","C37","ROW",0.000772930136507131
"1838","C38","ROW",0.0183497294770512
"1839","C39","ROW",0.0128891702384388
"1840","C40","ROW",0.0267452049056674
"1841","C41","ROW",0.00684160207663223
"1842","C42","ROW",0.0509025751161971
"1843","C43","ROW",0.0039966263375764
"1844","C44","ROW",0.00708309933727369
"1845","C45","ROW",0.00174769944524031
"1846","C46","ROW",0.00877543289278619
"1847","C47","ROW",0.0755412363427954
"1848","C48","ROW",0.0530875483520569
"1849","C49","ROW",0.04453280477746
"1850","C50","ROW",0.026530603289856
"1851","C01","RUS",0.0381342207669865
"1852","C02","RUS",8.79549195465323e-05
"1853","C03","RUS",0.00783767824171509
"1854","C04","RUS",0.00048752087972617
"1855","C05","RUS",0.0725576662569381
"1856","C06","RUS",0.0566404141878358
"1857","C07","RUS",0.000376143952882326
"1858","C08","RUS",0.00300804819057816
"1859","C09","RUS",9.19793267719924e-05
"1860","C10","RUS",0.00641185369893409
"1861","C11","RUS",0.0112966769614796
"1862","C12","RUS",0.000199731292145618
"1863","C13","RUS",0.00278042641360804
"1864","C14","RUS",0.00177929006574473
"1865","C15","RUS",0.00319316653874947
"1866","C16","RUS",0.00133071579625192
"1867","C17","RUS",0.0113470718315016
"1868","C18","RUS",0.00120077638833528
"1869","C19","RUS",0.0278601652983657
"1870","C20","RUS",0.0463737607673346
"1871","C21","RUS",0.00333819851059688
"1872","C22","RUS",0.00623825456772144
"1873","C23","RUS",0.0115513570337597
"1874","C24","RUS",8.50616558991723e-06
"1875","C25","RUS",1.88485264511118e-05
"1876","C26","RUS",0.136155294415138
"1877","C27","RUS",0.0125594222923165
"1878","C28","RUS",0.0714333197069639
"1879","C29","RUS",0.0442972868258095
"1880","C30","RUS",0.015030494583882
"1881","C31","RUS",0.000784000916626435
"1882","C32","RUS",0.00481507293485515
"1883","C33","RUS",0.0143090354896484
"1884","C34","RUS",8.67172770767481e-06
"1885","C35","RUS",0.0127039460431287
"1886","C36","RUS",1.93879863370102e-05
"1887","C37","RUS",7.93495431135329e-06
"1888","C38","RUS",0.00953511487229037
"1889","C39","RUS",6.71204308615002e-05
"1890","C40","RUS",0.0481217631575808
"1891","C41","RUS",0.00013582013933977
"1892","C42","RUS",0.0454198549148935
"1893","C43","RUS",2.16507359725886e-05
"1894","C44","RUS",6.74440190185256e-05
"1895","C45","RUS",6.4698020424849e-05
"1896","C46","RUS",0.0467902673682223
"1897","C47","RUS",0.0894117712710999
"1898","C48","RUS",0.0459373613599147
"1899","C49","RUS",0.0694020007209411
"1900","C50","RUS",0.0187508385331964
"1901","C01","SVK",0.0290353043734654
"1902","C02","SVK",0.00146171225833224
"1903","C03","SVK",0.000248576881101288
"1904","C04","SVK",0.00165068774666554
"1905","C05","SVK",0.077716800571523
"1906","C06","SVK",0.0229971868837731
"1907","C07","SVK",0.00262541344139027
"1908","C08","SVK",0.00641940170190845
"1909","C09","SVK",0.00288276793620046
"1910","C10","SVK",0.0192500349884532
"1911","C11","SVK",0.0165373684892412
"1912","C12","SVK",0.0233240476518545
"1913","C13","SVK",0.00616438303792627
"1914","C14","SVK",0.00613630214577249
"1915","C15","SVK",0.000895871443562277
"1916","C16","SVK",0.00520655791089553
"1917","C17","SVK",0.0214469314746572
"1918","C18","SVK",0.00795747743574337
"1919","C19","SVK",0.0405378507679476
"1920","C20","SVK",0.0244705271496172
"1921","C21","SVK",0.00509537952977914
"1922","C22","SVK",0.0191439021000691
"1923","C23","SVK",0.0516322708495371
"1924","C24","SVK",0.00386544182618407
"1925","C25","SVK",0.00481776727258902
"1926","C26","SVK",0.087952150396878
"1927","C27","SVK",0.0163557914206927
"1928","C28","SVK",0.0328378057891841
"1929","C29","SVK",0.0718617089014513
"1930","C30","SVK",0.0256893631556368
"1931","C31","SVK",0.000106313426423867
"1932","C32","SVK",0.0010517875806197
"1933","C33","SVK",0.0139605863035612
"1934","C34","SVK",0.00193134813716789
"1935","C35","SVK",0.0187726333845382
"1936","C36","SVK",0.0032993791518861
"1937","C37","SVK",0.0039701142014758
"1938","C38","SVK",0.00883856722791491
"1939","C39","SVK",0.012047914687951
"1940","C40","SVK",0.0178654479919949
"1941","C41","SVK",0.0131535183677149
"1942","C42","SVK",0.03379773889816
"1943","C43","SVK",0.00499854177406914
"1944","C44","SVK",0.00901007858619848
"1945","C45","SVK",0.00274628699188615
"1946","C46","SVK",0.0125043168333993
"1947","C47","SVK",0.0819688655889295
"1948","C48","SVK",0.0443253693177465
"1949","C49","SVK",0.0535088779773466
"1950","C50","SVK",0.0259255280389681
"1951","C01","SVN",0.0296023905695223
"1952","C02","SVN",0.00426736997247385
"1953","C03","SVN",0.000465043574811695
"1954","C04","SVN",0.00144907973537433
"1955","C05","SVN",0.0636958803641944
"1956","C06","SVN",0.0354465045148611
"1957","C07","SVN",0.00154562349763102
"1958","C08","SVN",0.00391443882591362
"1959","C09","SVN",0.000437702257391259
"1960","C10","SVN",0.0179473332617563
"1961","C11","SVN",0.0110765963088068
"1962","C12","SVN",0.0228391066319139
"1963","C13","SVN",0.00299403305615258
"1964","C14","SVN",0.00171474403695768
"1965","C15","SVN",0.00142426904275613
"1966","C16","SVN",0.0106681483837612
"1967","C17","SVN",0.0180862222379972
"1968","C18","SVN",0.0144291333018601
"1969","C19","SVN",0.0221313502959575
"1970","C20","SVN",0.033405241277754
"1971","C21","SVN",0.00323780570795846
"1972","C22","SVN",0.021515841299888
"1973","C23","SVN",0.0188373589983661
"1974","C24","SVN",0.00570068625021136
"1975","C25","SVN",0.00492861869056343
"1976","C26","SVN",0.0836647176972197
"1977","C27","SVN",0.0170459164500633
"1978","C28","SVN",0.0218090254343579
"1979","C29","SVN",0.0415836940118946
"1980","C30","SVN",0.0102317680999894
"1981","C31","SVN",0.000280881744131833
"1982","C32","SVN",0.00191013318279285
"1983","C33","SVN",0.0116290578248194
"1984","C34","SVN",0.000908249569477704
"1985","C35","SVN",0.0390933455276507
"1986","C36","SVN",0.00329487531596069
"1987","C37","SVN",0.00457221732988397
"1988","C38","SVN",0.0182999025380872
"1989","C39","SVN",0.0104433778334455
"1990","C40","SVN",0.016606525924984
"1991","C41","SVN",0.0137227091917758
"1992","C42","SVN",0.0549172657319311
"1993","C43","SVN",0.00616136707289401
"1994","C44","SVN",0.0134628268037025
"1995","C45","SVN",0.0102623625762313
"1996","C46","SVN",0.0111411604280178
"1997","C47","SVN",0.0807022294907443
"1998","C48","SVN",0.0651586692531406
"1999","C49","SVN",0.0746541409557152
"2000","C50","SVN",0.0366830579162507
"2001","C01","SWE",0.00564099729188769
"2002","C02","SWE",0.0010689262098453
"2003","C03","SWE",0.000232580200181239
"2004","C04","SWE",0.000769542602327481
"2005","C05","SWE",0.0334243558408345
"2006","C06","SWE",0.00782107358475615
"2007","C07","SWE",0.00155159745532352
"2008","C08","SWE",0.00201947774973947
"2009","C09","SWE",0.000232575993513606
"2010","C10","SWE",0.00507195687706678
"2011","C11","SWE",0.00249228047650443
"2012","C12","SWE",0.00738492193676521
"2013","C13","SWE",0.00203090565641873
"2014","C14","SWE",0.00167885107827725
"2015","C15","SWE",0.00122158776281087
"2016","C16","SWE",0.00947032785361269
"2017","C17","SWE",0.0211583754560185
"2018","C18","SWE",0.00827923044129975
"2019","C19","SWE",0.0255096012204261
"2020","C20","SWE",0.0301704587274917
"2021","C21","SWE",0.00565650127764471
"2022","C22","SWE",0.00662150814662563
"2023","C23","SWE",0.0182271903738135
"2024","C24","SWE",0.000136910655316365
"2025","C25","SWE",0.000453178818722865
"2026","C26","SWE",0.0912789801479882
"2027","C27","SWE",0.0129031358821522
"2028","C28","SWE",0.0492012124796159
"2029","C29","SWE",0.0296026089036947
"2030","C30","SWE",0.0171932948573991
"2031","C31","SWE",0.000744532846329818
"2032","C32","SWE",0.00325335380466279
"2033","C33","SWE",0.026161151811637
"2034","C34","SWE",3.77521032995971e-05
"2035","C35","SWE",0.0234740825693501
"2036","C36","SWE",0.00474473748268713
"2037","C37","SWE",0.00402223687069753
"2038","C38","SWE",0.0143581427009531
"2039","C39","SWE",0.0184512979061247
"2040","C40","SWE",0.0150728005953526
"2041","C41","SWE",0.0115408389687463
"2042","C42","SWE",0.0940210667251614
"2043","C43","SWE",0.00152680597488567
"2044","C44","SWE",0.00389871331467638
"2045","C45","SWE",0.0311451799935586
"2046","C46","SWE",0.0106502245909752
"2047","C47","SWE",0.0692066884709276
"2048","C48","SWE",0.0778070118212781
"2049","C49","SWE",0.149737557032382
"2050","C50","SWE",0.0416416784582301
"2051","C01","TUR",0.0458539476486708
"2052","C02","TUR",0.000837841396376323
"2053","C03","TUR",0.000751283798858189
"2054","C04","TUR",0.00181926742189108
"2055","C05","TUR",0.0802691936520146
"2056","C06","TUR",0.0499100195682763
"2057","C07","TUR",0.00104198728765503
"2058","C08","TUR",0.00200597233306561
"2059","C09","TUR",0.00263621166042595
"2060","C10","TUR",0.0111121341701678
"2061","C11","TUR",0.021260560624853
"2062","C12","TUR",0.000141972953067394
"2063","C13","TUR",0.0031801182601256
"2064","C14","TUR",0.00161608901899959
"2065","C15","TUR",0.00110293321006668
"2066","C16","TUR",0.00393666040889263
"2067","C17","TUR",0.0225984019606079
"2068","C18","TUR",0.00872170470721656
"2069","C19","TUR",0.0278758191391105
"2070","C20","TUR",0.0130471681030776
"2071","C21","TUR",0.00394534790827902
"2072","C22","TUR",0.00558055349601418
"2073","C23","TUR",0.00838195715293321
"2074","C24","TUR",0.00218255719696181
"2075","C25","TUR",0.000616211127153184
"2076","C26","TUR",0.105607287108
"2077","C27","TUR",0.0132590897537926
"2078","C28","TUR",0.0330515354090718
"2079","C29","TUR",0.0465997499750018
"2080","C30","TUR",0.0819661770815211
"2081","C31","TUR",0.00255478518737081
"2082","C32","TUR",0.00694330593916159
"2083","C33","TUR",0.00758329267505073
"2084","C34","TUR",2.90840087387495e-06
"2085","C35","TUR",0.0519957839279531
"2086","C36","TUR",1.01330742915798e-05
"2087","C37","TUR",1.14089154586679e-05
"2088","C38","TUR",0.0155674518903663
"2089","C39","TUR",0.00126670990673002
"2090","C40","TUR",0.0127899147524239
"2091","C41","TUR",0.000905929876667599
"2092","C42","TUR",0.101126010535203
"2093","C43","TUR",2.35312667245519e-05
"2094","C44","TUR",0.00949677614132938
"2095","C45","TUR",2.02780271816033e-05
"2096","C46","TUR",0.0103084315476527
"2097","C47","TUR",0.0779510755856471
"2098","C48","TUR",0.0488488091128827
"2099","C49","TUR",0.0304749267041999
"2100","C50","TUR",0.0212087830006785
"2101","C01","TWN",0.014387189413388
"2102","C02","TWN",0.000291783123481405
"2103","C03","TWN",0.00512410885092747
"2104","C04","TWN",0.000313840482124542
"2105","C05","TWN",0.0407863964707799
"2106","C06","TWN",0.0112327895099217
"2107","C07","TWN",0.000353744734034793
"2108","C08","TWN",0.0018255674294797
"2109","C09","TWN",0.000210366771421766
"2110","C10","TWN",0.00920145461805681
"2111","C11","TWN",0.00479215054103454
"2112","C12","TWN",0.00458544988203187
"2113","C13","TWN",0.00344341463721326
"2114","C14","TWN",0.000848036624514033
"2115","C15","TWN",0.000428906527248117
"2116","C16","TWN",0.00824163239436386
"2117","C17","TWN",0.0389731831438953
"2118","C18","TWN",0.0159874219547965
"2119","C19","TWN",0.0453379910178598
"2120","C20","TWN",0.0228625207552687
"2121","C21","TWN",0.00816454493164662
"2122","C22","TWN",0.00304682127346461
"2123","C23","TWN",0.0104997713022331
"2124","C24","TWN",0.000889743018755554
"2125","C25","TWN",0.000218494102229893
"2126","C26","TWN",0.0903149867722635
"2127","C27","TWN",0.00320329742434922
"2128","C28","TWN",0.0372469894999626
"2129","C29","TWN",0.0699571624823244
"2130","C30","TWN",0.0121496876182928
"2131","C31","TWN",9.51527366902857e-05
"2132","C32","TWN",0.0104887928156084
"2133","C33","TWN",0.00224032006233122
"2134","C34","TWN",0.0014619555622647
"2135","C35","TWN",0.0461606457996211
"2136","C36","TWN",0.005780644219057
"2137","C37","TWN",0.00453502672095851
"2138","C38","TWN",0.0131110992427495
"2139","C39","TWN",0.010474694393778
"2140","C40","TWN",0.0176120606448834
"2141","C41","TWN",0.0323546607919938
"2142","C42","TWN",0.100444804216922
"2143","C43","TWN",0.000170028281238743
"2144","C44","TWN",0.00103008259935786
"2145","C45","TWN",0.0197230795399745
"2146","C46","TWN",0.00437587504287333
"2147","C47","TWN",0.0965380121097042
"2148","C48","TWN",0.0612043531903046
"2149","C49","TWN",0.0546423117809106
"2150","C50","TWN",0.0526369529413839
"2151","C01","USA",0.0040020913923914
"2152","C02","USA",0.000256889900200712
"2153","C03","USA",0.000165825267889093
"2154","C04","USA",0.00990355166023025
"2155","C05","USA",0.0307689404544217
"2156","C06","USA",0.0098483792677843
"2157","C07","USA",0.000583637139659698
"2158","C08","USA",0.00167398571487698
"2159","C09","USA",0.000712899018412259
"2160","C10","USA",0.0154085688639754
"2161","C11","USA",0.0125646645025695
"2162","C12","USA",0.00427146889016843
"2163","C13","USA",0.00260544431773127
"2164","C14","USA",0.000821930381198266
"2165","C15","USA",0.000368496595102632
"2166","C16","USA",0.00281928065087762
"2167","C17","USA",0.0156363840923572
"2168","C18","USA",0.00414478706607114
"2169","C19","USA",0.0150118336188427
"2170","C20","USA",0.0272267693676729
"2171","C21","USA",0.00685859344434903
"2172","C22","USA",0.0102625911929789
"2173","C23","USA",0.0116133028852801
"2174","C24","USA",0.000398338381641153
"2175","C25","USA",0.0033301836500834
"2176","C26","USA",0.0540222383325357
"2177","C27","USA",0.017165628994465
"2178","C28","USA",0.0383612188290798
"2179","C29","USA",0.0641769602644924
"2180","C30","USA",0.0095689736298648
"2181","C31","USA",0.00100672343922373
"2182","C32","USA",0.00519540604470592
"2183","C33","USA",0.000433926461759776
"2184","C34","USA",0.000327812971583432
"2185","C35","USA",0.0386445418586315
"2186","C36","USA",0.00960528166376086
"2187","C37","USA",0.00882775920518032
"2188","C38","USA",0.0186910311570186
"2189","C39","USA",0.0141718481808795
"2190","C40","USA",0.0142601262303536
"2191","C41","USA",0.0354286146839954
"2192","C42","USA",0.107437657000304
"2193","C43","USA",0.0115240370419831
"2194","C44","USA",0.014657426258925
"2195","C45","USA",0.00452332548635748
"2196","C46","USA",0.00788554887494217
"2197","C47","USA",0.173351177487571
"2198","C48","USA",0.0150966515204199
"2199","C49","USA",0.113006294098873
"2200","C50","USA",0.0313709525663419
