"","country","sector","value"
"1","AUS","C01",58731.3010847559
"2","AUS","C02",2330.57464951964
"3","AUS","C03",2809.05614070687
"4","AUS","C04",62951.7501085101
"5","AUS","C05",80166.312104008
"6","AUS","C06",20657.9936490202
"7","AUS","C07",10494.6855654592
"8","AUS","C08",10096.2434157242
"9","AUS","C09",7729.57681821849
"10","AUS","C10",45010.9156059173
"11","AUS","C11",27596.8029698655
"12","AUS","C12",15564.9914798744
"13","AUS","C13",18804.4219056673
"14","AUS","C14",20218.7778423477
"15","AUS","C15",26748.7127552463
"16","AUS","C16",31374.0432173963
"17","AUS","C17",33309.9248181082
"18","AUS","C18",17835.0167067647
"19","AUS","C19",31243.5537382942
"20","AUS","C20",39937.1393238608
"21","AUS","C21",16310.5660648467
"22","AUS","C22",11076.1572419219
"23","AUS","C23",58872.3613200931
"24","AUS","C24",16460.4204398245
"25","AUS","C25",4334.43559897873
"26","AUS","C26",393408.6165651
"27","AUS","C27",16413.5775303916
"28","AUS","C28",111634.121683812
"29","AUS","C29",103451.473805281
"30","AUS","C30",51193.719281357
"31","AUS","C31",7062.69826140625
"32","AUS","C32",30978.5508024558
"33","AUS","C33",48206.4958915862
"34","AUS","C34",11061.9485253158
"35","AUS","C35",77173.2610589891
"36","AUS","C36",12904.0643698972
"37","AUS","C37",17598.5280468141
"38","AUS","C38",47911.769150477
"39","AUS","C39",50095.0872305738
"40","AUS","C40",111583.803677233
"41","AUS","C41",87993.0441977109
"42","AUS","C42",234299.481619297
"43","AUS","C43",141976.787674823
"44","AUS","C44",389.410630159457
"45","AUS","C45",77.5240778195758
"46","AUS","C46",97945.3995597572
"47","AUS","C47",126769.597274608
"48","AUS","C48",85732.9203538795
"49","AUS","C49",130856.918299058
"50","AUS","C50",67765.549302356
"51","AUT","C01",10862.160378893
"52","AUT","C02",3956.86764804642
"53","AUT","C03",122.75256961969
"54","AUT","C04",12172.7549036191
"55","AUT","C05",24733.4115259815
"56","AUT","C06",8161.14953061182
"57","AUT","C07",7634.67672011058
"58","AUT","C08",5703.93819362667
"59","AUT","C09",2558.1389506289
"60","AUT","C10",10219.4340886721
"61","AUT","C11",18012.2745948211
"62","AUT","C12",6540.16123618744
"63","AUT","C13",8019.05391302199
"64","AUT","C14",8009.13963392708
"65","AUT","C15",16565.6279260787
"66","AUT","C16",15957.5816802299
"67","AUT","C17",9441.44658142952
"68","AUT","C18",10822.2214556712
"69","AUT","C19",28017.7898593525
"70","AUT","C20",17181.4306361552
"71","AUT","C21",3033.54620873583
"72","AUT","C22",7781.7305321857
"73","AUT","C23",26213.4056812992
"74","AUT","C24",1378.73481407386
"75","AUT","C25",10005.4220213728
"76","AUT","C26",63071.8274737333
"77","AUT","C27",11105.9807032496
"78","AUT","C28",36935.6669404644
"79","AUT","C29",29882.6999028026
"80","AUT","C30",21165.3409253561
"81","AUT","C31",1477.89787989995
"82","AUT","C32",5059.98611413502
"83","AUT","C33",13520.8133707571
"84","AUT","C34",3238.48301469463
"85","AUT","C35",31394.999504419
"86","AUT","C36",4075.39710227702
"87","AUT","C37",4236.50615301236
"88","AUT","C38",7792.25438906289
"89","AUT","C39",13456.8957374441
"90","AUT","C40",21298.1930951524
"91","AUT","C41",13062.8433145356
"92","AUT","C42",57808.9402991095
"93","AUT","C43",20587.8344567636
"94","AUT","C44",17665.6926219041
"95","AUT","C45",2794.39150841937
"96","AUT","C46",26569.1056313834
"97","AUT","C47",30848.414637216
"98","AUT","C48",25500.3798320074
"99","AUT","C49",40035.6204887193
"100","AUT","C50",17319.8909841784
"101","BEL","C01",16174.6724429172
"102","BEL","C02",670.578458991129
"103","BEL","C03",386.908782283666
"104","BEL","C04",13617.6132649064
"105","BEL","C05",42018.1122415375
"106","BEL","C06",7566.88333766337
"107","BEL","C07",3953.44624242255
"108","BEL","C08",6299.76392665649
"109","BEL","C09",4044.75497400036
"110","BEL","C10",28477.7158725859
"111","BEL","C11",33016.0554291686
"112","BEL","C12",12724.9122947229
"113","BEL","C13",7760.57567139718
"114","BEL","C14",8423.04720646388
"115","BEL","C15",17563.7403615639
"116","BEL","C16",14571.7087634253
"117","BEL","C17",10546.8647978753
"118","BEL","C18",7113.70864280547
"119","BEL","C19",18696.9371757559
"120","BEL","C20",21432.0610305945
"121","BEL","C21",3539.35131125991
"122","BEL","C22",6366.58275740224
"123","BEL","C23",27717.7218127234
"124","BEL","C24",3237.21211170379
"125","BEL","C25",16648.3513006194
"126","BEL","C26",89501.8318837305
"127","BEL","C27",11055.3367739432
"128","BEL","C28",62696.6986620273
"129","BEL","C29",28151.2694721277
"130","BEL","C30",26127.6408672876
"131","BEL","C31",2039.17409020383
"132","BEL","C32",8918.24188977981
"133","BEL","C33",30520.9695071299
"134","BEL","C34",5076.75606931054
"135","BEL","C35",23415.3230063251
"136","BEL","C36",6604.63631798144
"137","BEL","C37",5906.18361258819
"138","BEL","C38",15373.8757669667
"139","BEL","C39",17807.6793575263
"140","BEL","C40",30396.7907218206
"141","BEL","C41",24546.4114234693
"142","BEL","C42",60389.3004157999
"143","BEL","C43",62497.7225537715
"144","BEL","C44",22091.1268887545
"145","BEL","C45",5745.95312460311
"146","BEL","C46",41253.4554495069
"147","BEL","C47",51392.3616289051
"148","BEL","C48",38912.7338379177
"149","BEL","C49",61668.4812503006
"150","BEL","C50",23849.8705774849
"151","BGR","C01",4565.52489945742
"152","BGR","C02",454.170159986563
"153","BGR","C03",70.4112458999925
"154","BGR","C04",7567.70498609533
"155","BGR","C05",7113.29811659691
"156","BGR","C06",2646.11288640841
"157","BGR","C07",546.161957152426
"158","BGR","C08",933.692580259184
"159","BGR","C09",481.043310116401
"160","BGR","C10",4676.84838534258
"161","BGR","C11",2909.27976296353
"162","BGR","C12",1271.85413608137
"163","BGR","C13",1830.51636952804
"164","BGR","C14",1466.9381955061
"165","BGR","C15",3484.07016799877
"166","BGR","C16",2097.7850405158
"167","BGR","C17",1893.30923399693
"168","BGR","C18",1489.11970126896
"169","BGR","C19",3150.20327599598
"170","BGR","C20",1886.18946169832
"171","BGR","C21",457.807902499947
"172","BGR","C22",1021.63160941098
"173","BGR","C23",4355.0165707829
"174","BGR","C24",407.579520091887
"175","BGR","C25",544.117116609278
"176","BGR","C26",10163.5682411357
"177","BGR","C27",1192.88443315569
"178","BGR","C28",6373.77645825594
"179","BGR","C29",3227.29287009287
"180","BGR","C30",5036.61689971557
"181","BGR","C31",967.360933772581
"182","BGR","C32",484.794761768888
"183","BGR","C33",1910.13431847983
"184","BGR","C34",407.416460033705
"185","BGR","C35",2554.89515800555
"186","BGR","C36",324.554755886819
"187","BGR","C37",566.051983278483
"188","BGR","C38",2259.93783363232
"189","BGR","C39",1138.40948790387
"190","BGR","C40",3686.66242513973
"191","BGR","C41",1351.86220232068
"192","BGR","C42",6681.91935729978
"193","BGR","C43",1207.92161578932
"194","BGR","C44",2175.95972435954
"195","BGR","C45",358.110195170118
"196","BGR","C46",2468.65803712393
"197","BGR","C47",4738.30439919918
"198","BGR","C48",2840.78675486055
"199","BGR","C49",3177.2834941931
"200","BGR","C50",3379.29779718237
"201","BRA","C01",136018.671270013
"202","BRA","C02",8901.89545221132
"203","BRA","C03",4672.74933590664
"204","BRA","C04",101949.349112004
"205","BRA","C05",211845.482941849
"206","BRA","C06",67605.9627964629
"207","BRA","C07",9190.15883575007
"208","BRA","C08",23574.3599335106
"209","BRA","C09",9589.33883209013
"210","BRA","C10",152593.699170114
"211","BRA","C11",134241.582699915
"212","BRA","C12",28850.1014221977
"213","BRA","C13",46201.3798290304
"214","BRA","C14",37260.4498080027
"215","BRA","C15",56382.2691301138
"216","BRA","C16",43763.9431962806
"217","BRA","C17",64524.3452380465
"218","BRA","C18",37106.5934938953
"219","BRA","C19",71690.6359201662
"220","BRA","C20",130621.434117939
"221","BRA","C21",23097.271566034
"222","BRA","C22",50598.4805417358
"223","BRA","C23",77819.0387475992
"224","BRA","C24",23799.8016512687
"225","BRA","C25",157.464767004947
"226","BRA","C26",295746.999619129
"227","BRA","C27",61439.2618824986
"228","BRA","C28",147880.226739865
"229","BRA","C29",212146.621013761
"230","BRA","C30",131734.39262659
"231","BRA","C31",6421.86529323275
"232","BRA","C32",17530.130143523
"233","BRA","C33",44919.6304578233
"234","BRA","C34",105.819689969008
"235","BRA","C35",105063.940737722
"236","BRA","C36",10164.5208588392
"237","BRA","C37",18219.9588164544
"238","BRA","C38",72466.4814486974
"239","BRA","C39",49517.5331329896
"240","BRA","C40",228879.115277246
"241","BRA","C41",290.5597473877
"242","BRA","C42",213161.742355884
"243","BRA","C43",72550.2714897867
"244","BRA","C44",31885.2542507279
"245","BRA","C45",37323.5378411905
"246","BRA","C46",135014.656477743
"247","BRA","C47",295224.467191589
"248","BRA","C48",157632.688182832
"249","BRA","C49",142675.186011316
"250","BRA","C50",101684.05126691
"251","CAN","C01",44822.9289405209
"252","CAN","C02",13166.7988141921
"253","CAN","C03",4804.22894095457
"254","CAN","C04",103562.126373497
"255","CAN","C05",108569.414557868
"256","CAN","C06",25892.2081777884
"257","CAN","C07",13849.4511127435
"258","CAN","C08",26024.0848410407
"259","CAN","C09",12808.7154005242
"260","CAN","C10",83998.0729478999
"261","CAN","C11",32538.4385895186
"262","CAN","C12",24317.8269053848
"263","CAN","C13",34436.0838279327
"264","CAN","C14",19804.0510773586
"265","CAN","C15",40499.4464293133
"266","CAN","C16",41092.1135442311
"267","CAN","C17",53410.9087623688
"268","CAN","C18",20092.512138066
"269","CAN","C19",50350.7858761951
"270","CAN","C20",90865.2494669836
"271","CAN","C21",32384.969647787
"272","CAN","C22",54462.2215827257
"273","CAN","C23",47791.7642551062
"274","CAN","C24",24.1983684935696
"275","CAN","C25",10005.7863632143
"276","CAN","C26",288066.922012567
"277","CAN","C27",89714.3777367549
"278","CAN","C28",120896.564858078
"279","CAN","C29",102649.440638819
"280","CAN","C30",95672.1596589481
"281","CAN","C31",4363.45813287774
"282","CAN","C32",21435.0750200849
"283","CAN","C33",21419.5702098683
"284","CAN","C34",12851.3530134026
"285","CAN","C35",65466.6967349342
"286","CAN","C36",5034.48539771309
"287","CAN","C37",17862.5710021175
"288","CAN","C38",53001.7903641952
"289","CAN","C39",46262.0874390492
"290","CAN","C40",131300.443828191
"291","CAN","C41",52551.6816588036
"292","CAN","C42",251255.829339967
"293","CAN","C43",39049.7959513963
"294","CAN","C44",101572.250868937
"295","CAN","C45",19965.7852636673
"296","CAN","C46",104390.621922762
"297","CAN","C47",276451.95840775
"298","CAN","C48",111841.50380587
"299","CAN","C49",148867.754181207
"300","CAN","C50",66647.4213955111
"301","CHE","C01",15018.475088398
"302","CHE","C02",1041.17253516351
"303","CHE","C03",68.3114613484675
"304","CHE","C04",5851.59179420723
"305","CHE","C05",39189.598896226
"306","CHE","C06",10353.92622184
"307","CHE","C07",10641.6861771169
"308","CHE","C08",4684.10759638508
"309","CHE","C09",4056.55492505808
"310","CHE","C10",5551.32892716672
"311","CHE","C11",22933.7807018285
"312","CHE","C12",49120.9537827533
"313","CHE","C13",10143.8314469617
"314","CHE","C14",9317.99205496019
"315","CHE","C15",10165.1828000532
"316","CHE","C16",20811.7279494012
"317","CHE","C17",53760.7426389869
"318","CHE","C18",21703.0066924791
"319","CHE","C19",31965.1250699257
"320","CHE","C20",13439.4409653722
"321","CHE","C21",5907.55500378889
"322","CHE","C22",8808.7973275542
"323","CHE","C23",44075.2702652314
"324","CHE","C24",6115.67603013349
"325","CHE","C25",221.190915351574
"326","CHE","C26",84334.6916065001
"327","CHE","C27",14762.1076626433
"328","CHE","C28",97251.3718363847
"329","CHE","C29",41134.0066487734
"330","CHE","C30",39192.7818869504
"331","CHE","C31",1025.52736745106
"332","CHE","C32",12097.1051184532
"333","CHE","C33",21094.8966243199
"334","CHE","C34",6958.83071884886
"335","CHE","C35",25383.5178660697
"336","CHE","C36",11723.26548291
"337","CHE","C37",63.0488472022304
"338","CHE","C38",18609.9049190909
"339","CHE","C39",31494.6110993027
"340","CHE","C40",43434.1911302397
"341","CHE","C41",36033.1601458207
"342","CHE","C42",69230.4564893874
"343","CHE","C43",72350.5116725258
"344","CHE","C44",9956.71455502512
"345","CHE","C45",20076.7910944974
"346","CHE","C46",34117.6170927969
"347","CHE","C47",65877.9590675991
"348","CHE","C48",45084.0260996185
"349","CHE","C49",74745.3819469802
"350","CHE","C50",30446.4204385282
"351","CHN","C01",1390464.09390207
"352","CHN","C02",131179.16228425
"353","CHN","C03",152225.50887239
"354","CHN","C04",1514438.67711782
"355","CHN","C05",1775767.55535972
"356","CHN","C06",1003535.48968905
"357","CHN","C07",388849.971044504
"358","CHN","C08",229707.968323337
"359","CHN","C09",115868.954542285
"360","CHN","C10",861629.046556418
"361","CHN","C11",1398784.15583623
"362","CHN","C12",298740.34055519
"363","CHN","C13",493147.408020495
"364","CHN","C14",859324.267456527
"365","CHN","C15",1850665.36966145
"366","CHN","C16",572558.590416812
"367","CHN","C17",1394748.26210073
"368","CHN","C18",889731.529836892
"369","CHN","C19",1111850.53474899
"370","CHN","C20",1262290.3016885
"371","CHN","C21",364502.865158477
"372","CHN","C22",139351.495201946
"373","CHN","C23",1019283.53542731
"374","CHN","C24",34870.9160342874
"375","CHN","C25",41889.1200598083
"376","CHN","C26",3025636.83762644
"377","CHN","C27",2413.20880987645
"378","CHN","C28",1254732.33032131
"379","CHN","C29",261086.958193793
"380","CHN","C30",585379.276995874
"381","CHN","C31",118451.154140947
"382","CHN","C32",99947.2020550163
"383","CHN","C33",166426.625111802
"384","CHN","C34",31165.0596585405
"385","CHN","C35",547755.228942136
"386","CHN","C36",497.784133180503
"387","CHN","C37",195.690500403344
"388","CHN","C38",333295.623999035
"389","CHN","C39",159080.543801064
"390","CHN","C40",777543.854798387
"391","CHN","C41",129051.278739274
"392","CHN","C42",700218.074655615
"393","CHN","C43",593301.60829582
"394","CHN","C44",300153.261835334
"395","CHN","C45",87562.7548285747
"396","CHN","C46",99608.2090650797
"397","CHN","C47",766345.180540251
"398","CHN","C48",608780.197066878
"399","CHN","C49",547258.223460886
"400","CHN","C50",536708.024967193
"401","CYP","C01",1132.17895155195
"402","CYP","C02",20.0715819526742
"403","CYP","C03",30.2830770537562
"404","CYP","C04",91.9610677144684
"405","CYP","C05",2679.16174016086
"406","CYP","C06",702.097084155712
"407","CYP","C07",196.235963176135
"408","CYP","C08",252.203461479526
"409","CYP","C09",99.7108601783714
"410","CYP","C10",1853.13310078054
"411","CYP","C11",590.806896154792
"412","CYP","C12",357.193437517303
"413","CYP","C13",293.101393331353
"414","CYP","C14",429.661753336427
"415","CYP","C15",274.823424625317
"416","CYP","C16",492.573043909155
"417","CYP","C17",230.125332938217
"418","CYP","C18",224.552237411557
"419","CYP","C19",408.286111534571
"420","CYP","C20",678.580756210739
"421","CYP","C21",289.823627630821
"422","CYP","C22",380.91382003133
"423","CYP","C23",1078.83722731964
"424","CYP","C24",182.399517072361
"425","CYP","C25",159.546108678618
"426","CYP","C26",1844.6563780593
"427","CYP","C27",466.230232738301
"428","CYP","C28",1312.70129707133
"429","CYP","C29",1501.10605636841
"430","CYP","C30",355.571125793465
"431","CYP","C31",571.167850612663
"432","CYP","C32",463.898267997073
"433","CYP","C33",1346.97607375724
"434","CYP","C34",81.4723698527006
"435","CYP","C35",2642.55396390215
"436","CYP","C36",649.59716734415
"437","CYP","C37",181.505647580426
"438","CYP","C38",841.237369230004
"439","CYP","C39",249.264162296038
"440","CYP","C40",1825.51455694903
"441","CYP","C41",1676.72255594982
"442","CYP","C42",2956.51478946883
"443","CYP","C43",1635.60843636225
"444","CYP","C44",434.80642102333
"445","CYP","C45",13.9508073513653
"446","CYP","C46",344.719599505616
"447","CYP","C47",2518.95783390014
"448","CYP","C48",1569.78270735592
"449","CYP","C49",1265.95251560998
"450","CYP","C50",1366.07020035371
"451","CZE","C01",9897.05798226214
"452","CZE","C02",2164.08758563029
"453","CZE","C03",63.048531056236
"454","CZE","C04",9375.64450794861
"455","CZE","C05",16555.8644110155
"456","CZE","C06",4231.46857277383
"457","CZE","C07",3239.8077084273
"458","CZE","C08",3143.04312653121
"459","CZE","C09",1836.79638009335
"460","CZE","C10",8060.29090914877
"461","CZE","C11",10594.2003323473
"462","CZE","C12",3227.22269465117
"463","CZE","C13",10792.2186070147
"464","CZE","C14",4618.66039489754
"465","CZE","C15",11788.9893822335
"466","CZE","C16",12715.4322003948
"467","CZE","C17",16462.0139500194
"468","CZE","C18",9094.19729681688
"469","CZE","C19",15276.141343721
"470","CZE","C20",27768.8831421232
"471","CZE","C21",2064.77666970776
"472","CZE","C22",3687.0474706816
"473","CZE","C23",19038.9173046751
"474","CZE","C24",1708.83182857708
"475","CZE","C25",3257.99170529815
"476","CZE","C26",34614.6244870669
"477","CZE","C27",6132.34570364783
"478","CZE","C28",28739.9097647091
"479","CZE","C29",14896.4759046698
"480","CZE","C30",12385.3947323411
"481","CZE","C31",206.883286780371
"482","CZE","C32",1044.93497660378
"483","CZE","C33",10693.2599805305
"484","CZE","C34",1665.51126563502
"485","CZE","C35",8744.86896573008
"486","CZE","C36",1214.66238132431
"487","CZE","C37",2129.64517487732
"488","CZE","C38",5016.29829143546
"489","CZE","C39",7429.21663219845
"490","CZE","C40",10261.2074588151
"491","CZE","C41",6017.95185439046
"492","CZE","C42",29800.2790839135
"493","CZE","C43",7164.43220298874
"494","CZE","C44",14621.5659705706
"495","CZE","C45",1763.45884455684
"496","CZE","C46",9880.97354215727
"497","CZE","C47",17199.2211964286
"498","CZE","C48",10374.7842958383
"499","CZE","C49",13253.2668849389
"500","CZE","C50",8335.53737656942
"501","DEU","C01",81498.2915963642
"502","DEU","C02",6666.90690717524
"503","DEU","C03",1134.59685845599
"504","DEU","C04",56441.4121564617
"505","DEU","C05",227035.671776357
"506","DEU","C06",50717.5892096275
"507","DEU","C07",33301.3904389292
"508","DEU","C08",46790.7343958765
"509","DEU","C09",26610.519959338
"510","DEU","C10",116004.177042657
"511","DEU","C11",142565.006577337
"512","DEU","C12",66381.0232521585
"513","DEU","C13",80279.3640594779
"514","DEU","C14",54951.2993083447
"515","DEU","C15",132487.406314553
"516","DEU","C16",148459.046400726
"517","DEU","C17",108194.500810683
"518","DEU","C18",100795.456333481
"519","DEU","C19",226764.405560669
"520","DEU","C20",278489.836682506
"521","DEU","C21",48520.4498744353
"522","DEU","C22",57049.9736398163
"523","DEU","C23",168782.579187989
"524","DEU","C24",11927.9894682716
"525","DEU","C25",68488.0976731879
"526","DEU","C26",374571.742391197
"527","DEU","C27",80967.8832758942
"528","DEU","C28",255023.068866547
"529","DEU","C29",222345.927743839
"530","DEU","C30",147570.220171964
"531","DEU","C31",10298.7181986783
"532","DEU","C32",30288.0257837679
"533","DEU","C33",174206.599106313
"534","DEU","C34",40240.834169324
"535","DEU","C35",110210.262121284
"536","DEU","C36",43983.4049324892
"537","DEU","C37",42708.9841617346
"538","DEU","C38",86499.8991053601
"539","DEU","C39",145203.055676543
"540","DEU","C40",184531.46484828
"541","DEU","C41",138332.515621662
"542","DEU","C42",505244.014529705
"543","DEU","C43",203180.204351779
"544","DEU","C44",142366.761031349
"545","DEU","C45",42242.611967519
"546","DEU","C46",275623.858514068
"547","DEU","C47",333277.748536075
"548","DEU","C48",205280.119383353
"549","DEU","C49",381902.871924646
"550","DEU","C50",205241.703944266
"551","DNK","C01",10188.1981130815
"552","DNK","C02",815.19135707856
"553","DNK","C03",643.220349771416
"554","DNK","C04",9483.78001552856
"555","DNK","C05",20907.8479795259
"556","DNK","C06",3402.90606598762
"557","DNK","C07",2667.74249249604
"558","DNK","C08",2262.17582784974
"559","DNK","C09",1423.83402682332
"560","DNK","C10",11188.9912766702
"561","DNK","C11",6235.48498471267
"562","DNK","C12",5744.24299288739
"563","DNK","C13",3974.73405105722
"564","DNK","C14",3747.08265768848
"565","DNK","C15",3624.29357775227
"566","DNK","C16",7748.34967326554
"567","DNK","C17",7258.37785795193
"568","DNK","C18",4555.13279691509
"569","DNK","C19",22995.4139055331
"570","DNK","C20",5731.3341316084
"571","DNK","C21",2763.21716628844
"572","DNK","C22",3407.58368513056
"573","DNK","C23",8360.94837541675
"574","DNK","C24",942.438471724276
"575","DNK","C25",6892.18250544597
"576","DNK","C26",37152.086750029
"577","DNK","C27",7828.43807850813
"578","DNK","C28",34677.916620904
"579","DNK","C29",17851.473446389
"580","DNK","C30",14259.1155089483
"581","DNK","C31",4199.24847271043
"582","DNK","C32",2657.46294613547
"583","DNK","C33",26552.4026745934
"584","DNK","C34",2754.88257685956
"585","DNK","C35",10813.0216362362
"586","DNK","C36",4267.82593014009
"587","DNK","C37",3999.06037151881
"588","DNK","C38",7963.21812723915
"589","DNK","C39",11505.1308890504
"590","DNK","C40",22032.370918731
"591","DNK","C41",8707.8268821736
"592","DNK","C42",46254.8960160511
"593","DNK","C43",10244.6804370433
"594","DNK","C44",15381.7045431167
"595","DNK","C45",3549.47588300052
"596","DNK","C46",21787.6464060389
"597","DNK","C47",26296.8345156259
"598","DNK","C48",25509.3685206382
"599","DNK","C49",47114.2785695941
"600","DNK","C50",16902.1189810957
"601","ESP","C01",53212.7077444677
"602","ESP","C02",1227.24201701443
"603","ESP","C03",4275.72172962299
"604","ESP","C04",52837.9250926632
"605","ESP","C05",171172.123651347
"606","ESP","C06",34867.5726312162
"607","ESP","C07",7503.19554547582
"608","ESP","C08",16049.5473582562
"609","ESP","C09",10291.9405586008
"610","ESP","C10",47013.8647377787
"611","ESP","C11",62850.089203152
"612","ESP","C12",26114.8742503674
"613","ESP","C13",23713.7799884229
"614","ESP","C14",16830.6462332804
"615","ESP","C15",47178.8401664945
"616","ESP","C16",33939.9417978281
"617","ESP","C17",23105.8542771036
"618","ESP","C18",21809.5500295908
"619","ESP","C19",46786.9554972156
"620","ESP","C20",54865.0802073149
"621","ESP","C21",16669.6662535303
"622","ESP","C22",19332.0500707032
"623","ESP","C23",120243.174530298
"624","ESP","C24",12421.1162038182
"625","ESP","C25",22390.9546846381
"626","ESP","C26",161363.919112621
"627","ESP","C27",34460.8283888992
"628","ESP","C28",127186.209999465
"629","ESP","C29",98320.3665631918
"630","ESP","C30",59775.2022802969
"631","ESP","C31",2489.51684360738
"632","ESP","C32",7876.63525296578
"633","ESP","C33",51673.0637736461
"634","ESP","C34",6031.09502416801
"635","ESP","C35",141990.472777905
"636","ESP","C36",9471.87931977184
"637","ESP","C37",14833.1032304215
"638","ESP","C38",44810.2728485564
"639","ESP","C39",28935.1879797872
"640","ESP","C40",53396.6543347386
"641","ESP","C41",34543.8177859501
"642","ESP","C42",171709.912631651
"643","ESP","C43",38536.4691641778
"644","ESP","C44",46623.7906570893
"645","ESP","C45",8726.83596359688
"646","ESP","C46",72653.8116155572
"647","ESP","C47",110946.784710795
"648","ESP","C48",86173.2162400863
"649","ESP","C49",123590.073539136
"650","ESP","C50",82984.01005901
"651","EST","C01",1190.23483810868
"652","EST","C02",533.342365280805
"653","EST","C03",94.516183156083
"654","EST","C04",709.922061255047
"655","EST","C05",2658.76562032544
"656","EST","C06",742.242259389483
"657","EST","C07",1037.06798822154
"658","EST","C08",331.522318568073
"659","EST","C09",86.6491646929352
"660","EST","C10",1436.75917130441
"661","EST","C11",1032.30425982499
"662","EST","C12",378.906912480954
"663","EST","C13",600.028566443669
"664","EST","C14",598.294089460658
"665","EST","C15",938.074590232644
"666","EST","C16",1095.18688152002
"667","EST","C17",1732.24309093921
"668","EST","C18",921.361784950643
"669","EST","C19",1422.02921154085
"670","EST","C20",1029.9835708994
"671","EST","C21",284.155318055108
"672","EST","C22",468.508770372253
"673","EST","C23",1703.52020927847
"674","EST","C24",161.953213205466
"675","EST","C25",189.724366870122
"676","EST","C26",4042.50720989217
"677","EST","C27",848.210540875731
"678","EST","C28",2718.95468603919
"679","EST","C29",1828.47719572625
"680","EST","C30",2267.41287903946
"681","EST","C31",482.579684135829
"682","EST","C32",197.671980045021
"683","EST","C33",1956.13559026175
"684","EST","C34",143.332458238427
"685","EST","C35",1193.44496471402
"686","EST","C36",207.870928923761
"687","EST","C37",230.316568406939
"688","EST","C38",808.349727759905
"689","EST","C39",813.383641262073
"690","EST","C40",1000.03371689986
"691","EST","C41",448.659265590956
"692","EST","C42",3186.09603908313
"693","EST","C43",1011.53694584005
"694","EST","C44",1005.42598215258
"695","EST","C45",344.293974621097
"696","EST","C46",1441.02033512887
"697","EST","C47",2339.5449273292
"698","EST","C48",1497.27684592071
"699","EST","C49",1309.41628280984
"700","EST","C50",1157.02519129639
"701","FIN","C01",7390.54192737342
"702","FIN","C02",5856.76656402101
"703","FIN","C03",512.656050782287
"704","FIN","C04",9337.16030551864
"705","FIN","C05",16894.6984279228
"706","FIN","C06",3115.28819399701
"707","FIN","C07",4847.44277105291
"708","FIN","C08",5192.31255350071
"709","FIN","C09",1552.20549670051
"710","FIN","C10",9844.52919405462
"711","FIN","C11",10907.2815074324
"712","FIN","C12",3712.3254472714
"713","FIN","C13",3928.62353484073
"714","FIN","C14",3878.48767733275
"715","FIN","C15",8164.23419730738
"716","FIN","C16",8525.05995661432
"717","FIN","C17",14238.5701687977
"718","FIN","C18",4495.12591556071
"719","FIN","C19",15723.7964165062
"720","FIN","C20",5488.08164633386
"721","FIN","C21",1806.15561158945
"722","FIN","C22",2748.88850179499
"723","FIN","C23",12295.3304895114
"724","FIN","C24",938.127172916022
"725","FIN","C25",4438.33008053405
"726","FIN","C26",38295.728360216
"727","FIN","C27",7141.58850701327
"728","FIN","C28",22885.8319046344
"729","FIN","C29",16494.8966117169
"730","FIN","C30",12947.7752487426
"731","FIN","C31",2775.95849224275
"732","FIN","C32",3149.09248726843
"733","FIN","C33",9153.44929547265
"734","FIN","C34",2077.26880174027
"735","FIN","C35",9915.39269084104
"736","FIN","C36",4452.83941304703
"737","FIN","C37",2642.5243624365
"738","FIN","C38",5812.35511321516
"739","FIN","C39",12580.338066702
"740","FIN","C40",7768.15380493924
"741","FIN","C41",6407.2359519577
"742","FIN","C42",42932.6034829517
"743","FIN","C43",8238.06691426178
"744","FIN","C44",12511.2368690679
"745","FIN","C45",4262.95176174558
"746","FIN","C46",13410.9647725003
"747","FIN","C47",26995.3690628429
"748","FIN","C48",18428.4791114307
"749","FIN","C49",37936.1066046953
"750","FIN","C50",14652.8065308929
"751","FRA","C01",93463.7404100226
"752","FRA","C02",5114.42109695567
"753","FRA","C03",4126.16526672042
"754","FRA","C04",45984.4629637149
"755","FRA","C05",208135.335522
"756","FRA","C06",37065.4489073592
"757","FRA","C07",16432.7984416154
"758","FRA","C08",24526.931883864
"759","FRA","C09",13421.8190886267
"760","FRA","C10",85868.2997787401
"761","FRA","C11",81322.3689542502
"762","FRA","C12",32623.8017113589
"763","FRA","C13",45607.057838719
"764","FRA","C14",35343.851494173
"765","FRA","C15",46456.5996583056
"766","FRA","C16",71519.3937870854
"767","FRA","C17",47101.4477950325
"768","FRA","C18",32616.2800837163
"769","FRA","C19",115098.181170911
"770","FRA","C20",74291.0516146122
"771","FRA","C21",40699.9079297039
"772","FRA","C22",30572.4939871746
"773","FRA","C23",141369.276487027
"774","FRA","C24",12980.1139289932
"775","FRA","C25",35603.3092125936
"776","FRA","C26",367861.498193024
"777","FRA","C27",60621.3413796434
"778","FRA","C28",227991.582076358
"779","FRA","C29",180966.125892406
"780","FRA","C30",109659.79999154
"781","FRA","C31",1789.88084638491
"782","FRA","C32",20623.3488495648
"783","FRA","C33",82210.7108578787
"784","FRA","C34",16587.4541422048
"785","FRA","C35",127823.800632677
"786","FRA","C36",34212.3229093787
"787","FRA","C37",38074.1952765737
"788","FRA","C38",77911.3773662631
"789","FRA","C39",99879.8397535086
"790","FRA","C40",148908.481256838
"791","FRA","C41",126662.933548368
"792","FRA","C42",403272.218967824
"793","FRA","C43",204367.105790211
"794","FRA","C44",125071.001694439
"795","FRA","C45",78253.4695432004
"796","FRA","C46",231897.035434739
"797","FRA","C47",286063.788438548
"798","FRA","C48",169610.208191212
"799","FRA","C49",309277.53095913
"800","FRA","C50",126506.129807586
"801","GBR","C01",53173.2590973114
"802","GBR","C02",1968.13043566571
"803","GBR","C03",2318.28369161485
"804","GBR","C04",81965.9747409627
"805","GBR","C05",178105.460258484
"806","GBR","C06",51740.1675163955
"807","GBR","C07",15954.9604454711
"808","GBR","C08",26075.467674883
"809","GBR","C09",16443.2521835235
"810","GBR","C10",67541.9988542624
"811","GBR","C11",63016.1605139861
"812","GBR","C12",47679.1308978153
"813","GBR","C13",43486.7483748697
"814","GBR","C14",30406.9484840054
"815","GBR","C15",23451.6394342877
"816","GBR","C16",64778.504883725
"817","GBR","C17",70418.6580568546
"818","GBR","C18",31465.0344913819
"819","GBR","C19",80926.2064452448
"820","GBR","C20",101543.077440149
"821","GBR","C21",57415.7855599404
"822","GBR","C22",38679.9746890676
"823","GBR","C23",170361.043523545
"824","GBR","C24",12380.8363703228
"825","GBR","C25",39387.4086781236
"826","GBR","C26",420667.506158472
"827","GBR","C27",87150.9518203542
"828","GBR","C28",138805.685196242
"829","GBR","C29",246219.315327454
"830","GBR","C30",108535.192873986
"831","GBR","C31",23406.7586569955
"832","GBR","C32",40273.6331006576
"833","GBR","C33",71137.395432544
"834","GBR","C34",36923.7189871023
"835","GBR","C35",163228.394154191
"836","GBR","C36",29134.7186491857
"837","GBR","C37",39962.0304822476
"838","GBR","C38",85535.0221702452
"839","GBR","C39",112857.948226333
"840","GBR","C40",188167.34466787
"841","GBR","C41",171861.320683523
"842","GBR","C42",419542.373561229
"843","GBR","C43",138947.314652774
"844","GBR","C44",138807.607619073
"845","GBR","C45",25302.2877106225
"846","GBR","C46",216580.19739455
"847","GBR","C47",253509.775312174
"848","GBR","C48",214681.681039338
"849","GBR","C49",373878.807522891
"850","GBR","C50",178070.878427034
"851","GRC","C01",15099.3231389001
"852","GRC","C02",142.367488068586
"853","GRC","C03",1246.76635270719
"854","GRC","C04",12606.1995700981
"855","GRC","C05",26719.6726508513
"856","GRC","C06",6824.56212931548
"857","GRC","C07",888.267233618055
"858","GRC","C08",2564.39887131165
"859","GRC","C09",956.973551745105
"860","GRC","C10",8590.16100657328
"861","GRC","C11",5636.9864466847
"862","GRC","C12",4427.76847392302
"863","GRC","C13",2935.7555287239
"864","GRC","C14",2671.26710482033
"865","GRC","C15",4858.11841103244
"866","GRC","C16",3997.94734538972
"867","GRC","C17",3666.89493163321
"868","GRC","C18",2413.11509408679
"869","GRC","C19",4577.42782017593
"870","GRC","C20",3125.68514434254
"871","GRC","C21",4577.68368202638
"872","GRC","C22",3046.09799430636
"873","GRC","C23",8466.18601845546
"874","GRC","C24",1403.68744850062
"875","GRC","C25",3152.41298147876
"876","GRC","C26",15707.5300015069
"877","GRC","C27",5582.64928700342
"878","GRC","C28",21731.7485334943
"879","GRC","C29",9489.73690528087
"880","GRC","C30",8436.71307272298
"881","GRC","C31",1135.10699023767
"882","GRC","C32",3189.37881231307
"883","GRC","C33",9919.18869040527
"884","GRC","C34",1168.68671872285
"885","GRC","C35",26090.5715790842
"886","GRC","C36",2285.12128840171
"887","GRC","C37",1356.79396204791
"888","GRC","C38",7932.64736482297
"889","GRC","C39",1689.53954958228
"890","GRC","C40",11033.854392617
"891","GRC","C41",4322.18742184734
"892","GRC","C42",39388.0877748982
"893","GRC","C43",7052.09095797874
"894","GRC","C44",4632.64781320077
"895","GRC","C45",1204.98089647777
"896","GRC","C46",7386.20909549716
"897","GRC","C47",26585.3130897598
"898","GRC","C48",13825.3189928308
"899","GRC","C49",13478.2454047276
"900","GRC","C50",14851.3170133464
"901","HRV","C01",3404.39352514776
"902","HRV","C02",274.218592368522
"903","HRV","C03",189.898749571428
"904","HRV","C04",4406.75895647313
"905","HRV","C05",5760.06841900886
"906","HRV","C06",1449.21031830213
"907","HRV","C07",446.501773130381
"908","HRV","C08",820.483045018926
"909","HRV","C09",476.588562440594
"910","HRV","C10",1012.84249241387
"911","HRV","C11",1683.46241815481
"912","HRV","C12",978.607043187892
"913","HRV","C13",1144.33234552229
"914","HRV","C14",1018.15548056788
"915","HRV","C15",1383.45096532476
"916","HRV","C16",1234.25532234865
"917","HRV","C17",1126.48608474294
"918","HRV","C18",912.602334161695
"919","HRV","C19",2168.40774787163
"920","HRV","C20",899.984562024924
"921","HRV","C21",626.832067228998
"922","HRV","C22",654.231367426014
"923","HRV","C23",4300.16073079205
"924","HRV","C24",438.915892540949
"925","HRV","C25",490.929170377108
"926","HRV","C26",6719.25014171417
"927","HRV","C27",1065.19329918966
"928","HRV","C28",6152.38249240829
"929","HRV","C29",3471.91560287287
"930","HRV","C30",1735.26797607631
"931","HRV","C31",150.953693658527
"932","HRV","C32",141.78178811944
"933","HRV","C33",1001.68917310056
"934","HRV","C34",375.137648868384
"935","HRV","C35",4877.82792120987
"936","HRV","C36",304.53986635311
"937","HRV","C37",574.648732697336
"938","HRV","C38",1809.21762048046
"939","HRV","C39",887.193729590845
"940","HRV","C40",3624.97350752143
"941","HRV","C41",1637.43866553765
"942","HRV","C42",5563.30533337794
"943","HRV","C43",1854.84179043351
"944","HRV","C44",2330.43213079024
"945","HRV","C45",313.88350857891
"946","HRV","C46",2068.03019180986
"947","HRV","C47",5233.91712793085
"948","HRV","C48",2622.19366472367
"949","HRV","C49",3218.30944105264
"950","HRV","C50",2818.34787531476
"951","HUN","C01",10689.4135342251
"952","HUN","C02",507.127860795137
"953","HUN","C03",54.1635194816053
"954","HUN","C04",7394.07050183826
"955","HUN","C05",11305.328448489
"956","HUN","C06",2152.97029469217
"957","HUN","C07",976.779796007608
"958","HUN","C08",2110.28404518092
"959","HUN","C09",954.304139260654
"960","HUN","C10",8178.33196795773
"961","HUN","C11",7676.06208137377
"962","HUN","C12",2616.64412458243
"963","HUN","C13",4595.31270098004
"964","HUN","C14",2234.8211567794
"965","HUN","C15",5378.38314559547
"966","HUN","C16",5674.27754309451
"967","HUN","C17",11834.9406849255
"968","HUN","C18",6644.68611815622
"969","HUN","C19",14174.2513469236
"970","HUN","C20",10930.0943224643
"971","HUN","C21",1196.64432267422
"972","HUN","C22",1948.72837161874
"973","HUN","C23",6724.97769012499
"974","HUN","C24",933.992417229806
"975","HUN","C25",1637.4871799437
"976","HUN","C26",13261.2256236446
"977","HUN","C27",2830.84370403015
"978","HUN","C28",12266.0357940122
"979","HUN","C29",9887.83375464409
"980","HUN","C30",7034.36117956973
"981","HUN","C31",185.410189824004
"982","HUN","C32",901.192243597933
"983","HUN","C33",4738.59578502346
"984","HUN","C34",933.056314240965
"985","HUN","C35",5324.4620734336
"986","HUN","C36",1169.43346956716
"987","HUN","C37",1852.37487118412
"988","HUN","C38",3297.38606717323
"989","HUN","C39",3663.41238892613
"990","HUN","C40",6338.77948101107
"991","HUN","C41",2596.74609132678
"992","HUN","C42",13076.6162038333
"993","HUN","C43",4847.31283483785
"994","HUN","C44",5176.78392059183
"995","HUN","C45",1509.76538198709
"996","HUN","C46",7975.85901275235
"997","HUN","C47",14406.6711325282
"998","HUN","C48",7141.01637680974
"999","HUN","C49",8219.77873907401
"1000","HUN","C50",6490.93250402567
"1001","IDN","C01",116463.252239919
"1002","IDN","C02",7021.40802343759
"1003","IDN","C03",22589.2482341012
"1004","IDN","C04",86687.5358899931
"1005","IDN","C05",150950.630547399
"1006","IDN","C06",22002.2046766127
"1007","IDN","C07",10970.9818456074
"1008","IDN","C08",17323.1374690906
"1009","IDN","C09",1138.05537675713
"1010","IDN","C10",76482.0133532673
"1011","IDN","C11",41894.850531196
"1012","IDN","C12",12154.9247337196
"1013","IDN","C13",16270.2926400412
"1014","IDN","C14",18897.0920267128
"1015","IDN","C15",25024.9615695253
"1016","IDN","C16",23230.7337055182
"1017","IDN","C17",31755.4324492
"1018","IDN","C18",15163.4445376366
"1019","IDN","C19",27150.583526274
"1020","IDN","C20",36672.0492628649
"1021","IDN","C21",3982.36857012761
"1022","IDN","C22",4813.09166420927
"1023","IDN","C23",41436.0198017307
"1024","IDN","C24",1117.30158392092
"1025","IDN","C25",52.1619490796148
"1026","IDN","C26",252642.427298243
"1027","IDN","C27",36246.0728929477
"1028","IDN","C28",89615.352741686
"1029","IDN","C29",51943.3864109674
"1030","IDN","C30",40369.119237676
"1031","IDN","C31",12315.4961927198
"1032","IDN","C32",28230.4844039978
"1033","IDN","C33",11505.1022932241
"1034","IDN","C34",1459.63880030481
"1035","IDN","C35",59797.3269744068
"1036","IDN","C36",5628.47055940762
"1037","IDN","C37",5643.79042357036
"1038","IDN","C38",33041.7683378989
"1039","IDN","C39",4697.9847137557
"1040","IDN","C40",38167.2075828704
"1041","IDN","C41",10285.8135545437
"1042","IDN","C42",30105.7865873124
"1043","IDN","C43",12445.1633583372
"1044","IDN","C44",67.5686285757699
"1045","IDN","C45",17.6633604494462
"1046","IDN","C46",11336.3051838058
"1047","IDN","C47",55291.6058397591
"1048","IDN","C48",44798.8899261203
"1049","IDN","C49",21100.2771228802
"1050","IDN","C50",27535.2675222324
"1051","IND","C01",362125.145829084
"1052","IND","C02",29307.7653525021
"1053","IND","C03",15935.9070074409
"1054","IND","C04",172653.30717272
"1055","IND","C05",186710.547034427
"1056","IND","C06",120985.114320122
"1057","IND","C07",25183.4824706317
"1058","IND","C08",19132.3066775649
"1059","IND","C09",14647.8114876477
"1060","IND","C10",111513.502900028
"1061","IND","C11",136514.942650339
"1062","IND","C12",18537.3015368854
"1063","IND","C13",46713.5992828903
"1064","IND","C14",51784.0677019622
"1065","IND","C15",174607.010060965
"1066","IND","C16",63176.4450405721
"1067","IND","C17",44910.9335630279
"1068","IND","C18",48363.6260846695
"1069","IND","C19",74106.8981358801
"1070","IND","C20",97417.9386000411
"1071","IND","C21",21964.4060677534
"1072","IND","C22",109407.451934242
"1073","IND","C23",72480.8626793725
"1074","IND","C24",6887.5275690383
"1075","IND","C25",362.711953442464
"1076","IND","C26",393315.307412863
"1077","IND","C27",19243.6835929385
"1078","IND","C28",154127.073283787
"1079","IND","C29",241000.887671066
"1080","IND","C30",266759.882770103
"1081","IND","C31",2474.03411832081
"1082","IND","C32",4865.19623533705
"1083","IND","C33",13515.3254789197
"1084","IND","C34",13.4025871213824
"1085","IND","C35",87593.0611670022
"1086","IND","C36",152.294106398628
"1087","IND","C37",54.7222293653213
"1088","IND","C38",25801.768981511
"1089","IND","C39",43024.4573072643
"1090","IND","C40",109708.443364889
"1091","IND","C41",27105.9166390826
"1092","IND","C42",140583.850958492
"1093","IND","C43",9827.65911600402
"1094","IND","C44",29967.3976682575
"1095","IND","C45",37.5504410665596
"1096","IND","C46",2335.10350422692
"1097","IND","C47",142098.802797828
"1098","IND","C48",94220.936986298
"1099","IND","C49",47938.6547267127
"1100","IND","C50",55471.7240523257
"1101","IRL","C01",5981.82209001724
"1102","IRL","C02",682.609566049807
"1103","IRL","C03",248.931728645447
"1104","IRL","C04",5587.50580910157
"1105","IRL","C05",9343.33437866309
"1106","IRL","C06",2415.67877528968
"1107","IRL","C07",1165.83309631231
"1108","IRL","C08",1490.43706387453
"1109","IRL","C09",1696.38060910964
"1110","IRL","C10",340.804001832065
"1111","IRL","C11",3670.91725290846
"1112","IRL","C12",2825.13981637453
"1113","IRL","C13",3126.29169648046
"1114","IRL","C14",2050.42150235769
"1115","IRL","C15",1435.56569603042
"1116","IRL","C16",2341.74424845076
"1117","IRL","C17",8607.98914273044
"1118","IRL","C18",2359.50577235071
"1119","IRL","C19",5128.50808747433
"1120","IRL","C20",5257.60305193626
"1121","IRL","C21",1649.47079119376
"1122","IRL","C22",8111.08469684594
"1123","IRL","C23",8496.82391005746
"1124","IRL","C24",537.48005351983
"1125","IRL","C25",2130.18739091036
"1126","IRL","C26",25634.1768562863
"1127","IRL","C27",2948.97863264291
"1128","IRL","C28",32445.3784839295
"1129","IRL","C29",15073.1817262925
"1130","IRL","C30",7091.56966864131
"1131","IRL","C31",471.581629684515
"1132","IRL","C32",6919.73297553137
"1133","IRL","C33",3223.33933978873
"1134","IRL","C34",1258.69524990738
"1135","IRL","C35",12124.1450455387
"1136","IRL","C36",11405.5323293547
"1137","IRL","C37",771.04772091865
"1138","IRL","C38",6882.03709699387
"1139","IRL","C39",13675.7903419761
"1140","IRL","C40",19593.1015996933
"1141","IRL","C41",33863.7312455625
"1142","IRL","C42",25591.930642418
"1143","IRL","C43",9597.26796133305
"1144","IRL","C44",20975.2454540655
"1145","IRL","C45",5940.33681453635
"1146","IRL","C46",51046.1729791462
"1147","IRL","C47",17643.0458162383
"1148","IRL","C48",16747.4597751681
"1149","IRL","C49",19796.1073408203
"1150","IRL","C50",8865.18067251479
"1151","ITA","C01",79734.8534616239
"1152","ITA","C02",2398.78184891762
"1153","ITA","C03",3172.31803484049
"1154","ITA","C04",52059.6818402294
"1155","ITA","C05",166831.506285305
"1156","ITA","C06",83873.4874160967
"1157","ITA","C07",20202.6201480702
"1158","ITA","C08",28473.7980991225
"1159","ITA","C09",14633.8675205938
"1160","ITA","C10",74539.4771438266
"1161","ITA","C11",76619.6541090491
"1162","ITA","C12",28949.9267215002
"1163","ITA","C13",46755.0598657232
"1164","ITA","C14",33395.6146628342
"1165","ITA","C15",76334.7863458575
"1166","ITA","C16",87566.6902070345
"1167","ITA","C17",41473.4079315717
"1168","ITA","C18",37454.1761303292
"1169","ITA","C19",104857.773259512
"1170","ITA","C20",60701.9137422257
"1171","ITA","C21",19783.4824859974
"1172","ITA","C22",34824.4096577767
"1173","ITA","C23",115010.84069133
"1174","ITA","C24",11850.2260822838
"1175","ITA","C25",54992.6765898654
"1176","ITA","C26",272083.212807935
"1177","ITA","C27",45940.9351857155
"1178","ITA","C28",226256.917625801
"1179","ITA","C29",152543.350191711
"1180","ITA","C30",123170.885933252
"1181","ITA","C31",13343.098241157
"1182","ITA","C32",21452.2216666242
"1183","ITA","C33",83245.527546357
"1184","ITA","C34",9154.08265770855
"1185","ITA","C35",139139.210811203
"1186","ITA","C36",12505.8076132576
"1187","ITA","C37",19747.8211047197
"1188","ITA","C38",48476.6908914047
"1189","ITA","C39",66746.8345728084
"1190","ITA","C40",121761.365684175
"1191","ITA","C41",72557.7003147603
"1192","ITA","C42",304541.457105708
"1193","ITA","C43",99971.229882391
"1194","ITA","C44",89279.279807071
"1195","ITA","C45",16641.3916882051
"1196","ITA","C46",122762.862585848
"1197","ITA","C47",173730.979417126
"1198","ITA","C48",97885.4325521593
"1199","ITA","C49",196700.525064887
"1200","ITA","C50",136547.305458903
"1201","JPN","C01",116168.161619657
"1202","JPN","C02",13155.7148325481
"1203","JPN","C03",16045.9694417792
"1204","JPN","C04",264694.753118979
"1205","JPN","C05",398253.316728986
"1206","JPN","C06",89761.604051491
"1207","JPN","C07",29356.3613043223
"1208","JPN","C08",70708.0808330209
"1209","JPN","C09",48566.9971715696
"1210","JPN","C10",193074.385647123
"1211","JPN","C11",193457.059372543
"1212","JPN","C12",88856.6057679076
"1213","JPN","C13",113437.778476512
"1214","JPN","C14",58819.2619746514
"1215","JPN","C15",326379.513631216
"1216","JPN","C16",159791.896426103
"1217","JPN","C17",250661.377053368
"1218","JPN","C18",119573.014855481
"1219","JPN","C19",135796.574569025
"1220","JPN","C20",226754.258516907
"1221","JPN","C21",56664.4166087806
"1222","JPN","C22",56627.987362236
"1223","JPN","C23",188941.448784154
"1224","JPN","C24",29101.9574909583
"1225","JPN","C25",20391.5283553525
"1226","JPN","C26",637004.444675039
"1227","JPN","C27",114046.441031247
"1228","JPN","C28",416093.631041057
"1229","JPN","C29",318708.522095039
"1230","JPN","C30",200380.336948509
"1231","JPN","C31",44088.9481485438
"1232","JPN","C32",32288.1095914394
"1233","JPN","C33",58054.1258364627
"1234","JPN","C34",16871.1053484074
"1235","JPN","C35",312516.33033705
"1236","JPN","C36",34641.2078546385
"1237","JPN","C37",50209.1733319762
"1238","JPN","C38",153773.250361675
"1239","JPN","C39",148989.214870096
"1240","JPN","C40",248049.984347223
"1241","JPN","C41",109539.572033382
"1242","JPN","C42",660076.394333207
"1243","JPN","C43",2394.67558863487
"1244","JPN","C44",365177.142451773
"1245","JPN","C45",23924.205668427
"1246","JPN","C46",57560.1991613358
"1247","JPN","C47",556233.351343154
"1248","JPN","C48",187953.621975586
"1249","JPN","C49",509976.274349582
"1250","JPN","C50",270533.218819687
"1251","KOR","C01",56267.6047120879
"1252","KOR","C02",3975.7176601403
"1253","KOR","C03",5118.86277000099
"1254","KOR","C04",127112.499277386
"1255","KOR","C05",114956.229401199
"1256","KOR","C06",75291.1318180537
"1257","KOR","C07",8301.06242256781
"1258","KOR","C08",22970.5994722618
"1259","KOR","C09",10872.2338176494
"1260","KOR","C10",115001.358627595
"1261","KOR","C11",177114.964624806
"1262","KOR","C12",41536.9914701419
"1263","KOR","C13",22178.5281506782
"1264","KOR","C14",24795.7447848847
"1265","KOR","C15",157364.445883037
"1266","KOR","C16",92205.2295021209
"1267","KOR","C17",210252.919253634
"1268","KOR","C18",67013.0295469139
"1269","KOR","C19",107946.145834126
"1270","KOR","C20",89940.3464703661
"1271","KOR","C21",61091.5589638494
"1272","KOR","C22",28768.5550944432
"1273","KOR","C23",104552.899961076
"1274","KOR","C24",18387.6409061208
"1275","KOR","C25",19129.4457018456
"1276","KOR","C26",189980.138408918
"1277","KOR","C27",10683.5630381551
"1278","KOR","C28",77068.1825107632
"1279","KOR","C29",88367.9457570118
"1280","KOR","C30",69351.5361063487
"1281","KOR","C31",210.929811374006
"1282","KOR","C32",7615.38902188317
"1283","KOR","C33",40386.6965592599
"1284","KOR","C34",5255.8969797299
"1285","KOR","C35",67774.3829502596
"1286","KOR","C36",25008.3435363252
"1287","KOR","C37",52805.0009890803
"1288","KOR","C38",16103.9278158063
"1289","KOR","C39",21884.9669347101
"1290","KOR","C40",96794.4178135078
"1291","KOR","C41",42896.6538565169
"1292","KOR","C42",126688.138506508
"1293","KOR","C43",20227.966881834
"1294","KOR","C44",51305.8483941106
"1295","KOR","C45",45442.215334485
"1296","KOR","C46",51228.2654975948
"1297","KOR","C47",134040.844236193
"1298","KOR","C48",100101.796279759
"1299","KOR","C49",106760.584508427
"1300","KOR","C50",71157.7203848362
"1301","LTU","C01",3063.52444483274
"1302","LTU","C02",348.092814047236
"1303","LTU","C03",165.245696414674
"1304","LTU","C04",5861.57342315279
"1305","LTU","C05",6119.58791815348
"1306","LTU","C06",1568.22103286348
"1307","LTU","C07",894.397158834199
"1308","LTU","C08",628.353359365299
"1309","LTU","C09",332.57721195176
"1310","LTU","C10",3524.37669777504
"1311","LTU","C11",2748.18138873824
"1312","LTU","C12",925.480873614084
"1313","LTU","C13",1007.35113248747
"1314","LTU","C14",587.797159293528
"1315","LTU","C15",371.015952833919
"1316","LTU","C16",1112.22682818378
"1317","LTU","C17",1254.85670128097
"1318","LTU","C18",824.43782891077
"1319","LTU","C19",1737.17484615138
"1320","LTU","C20",1468.78816134543
"1321","LTU","C21",496.945394956252
"1322","LTU","C22",1048.02233918494
"1323","LTU","C23",3009.5863976106
"1324","LTU","C24",167.599870368198
"1325","LTU","C25",327.977024589348
"1326","LTU","C26",6552.81992092359
"1327","LTU","C27",1402.78241294052
"1328","LTU","C28",3722.6067982216
"1329","LTU","C29",4360.59349577334
"1330","LTU","C30",3635.92783287745
"1331","LTU","C31",203.019735340491
"1332","LTU","C32",258.995572349752
"1333","LTU","C33",1942.32617751461
"1334","LTU","C34",170.522488475371
"1335","LTU","C35",810.034886144965
"1336","LTU","C36",185.604998790582
"1337","LTU","C37",178.195230824713
"1338","LTU","C38",1022.4246425727
"1339","LTU","C39",681.479170891942
"1340","LTU","C40",1132.04895335374
"1341","LTU","C41",495.236710193799
"1342","LTU","C42",3732.77335537948
"1343","LTU","C43",1195.35209488961
"1344","LTU","C44",1172.18072843905
"1345","LTU","C45",97.5208686071653
"1346","LTU","C46",1626.22260758464
"1347","LTU","C47",3834.48902068491
"1348","LTU","C48",2472.11912634128
"1349","LTU","C49",2225.43443534896
"1350","LTU","C50",1752.00925036461
"1351","LUX","C01",864.510958580532
"1352","LUX","C02",40.6255553730443
"1353","LUX","C03",24.447425765582
"1354","LUX","C04",320.415190171134
"1355","LUX","C05",2627.42080459803
"1356","LUX","C06",1212.4918046501
"1357","LUX","C07",240.098504148599
"1358","LUX","C08",282.737458727917
"1359","LUX","C09",132.791394660254
"1360","LUX","C10",1883.98683003989
"1361","LUX","C11",1655.80220449028
"1362","LUX","C12",773.379724615003
"1363","LUX","C13",804.569470272934
"1364","LUX","C14",1031.12256251715
"1365","LUX","C15",1678.68350480403
"1366","LUX","C16",1432.94049191986
"1367","LUX","C17",1169.65971033698
"1368","LUX","C18",614.704494712197
"1369","LUX","C19",1466.95664854083
"1370","LUX","C20",1915.69819185744
"1371","LUX","C21",1872.97883630442
"1372","LUX","C22",627.198310102803
"1373","LUX","C23",1702.38232638131
"1374","LUX","C24",120.244989925233
"1375","LUX","C25",711.895915723188
"1376","LUX","C26",7597.51941074628
"1377","LUX","C27",932.24399321241
"1378","LUX","C28",5306.09627014093
"1379","LUX","C29",2872.82656141559
"1380","LUX","C30",1539.07978033414
"1381","LUX","C31",97.8556682705239
"1382","LUX","C32",364.63035710389
"1383","LUX","C33",2722.96337188967
"1384","LUX","C34",1983.99451809658
"1385","LUX","C35",2268.44115257906
"1386","LUX","C36",1113.75440069269
"1387","LUX","C37",1269.29364322169
"1388","LUX","C38",3570.59565684293
"1389","LUX","C39",2994.86168062313
"1390","LUX","C40",19408.1451255208
"1391","LUX","C41",64627.7427273583
"1392","LUX","C42",6417.75964566134
"1393","LUX","C43",3434.61732408983
"1394","LUX","C44",8659.9787260717
"1395","LUX","C45",481.686158875695
"1396","LUX","C46",13292.7919050415
"1397","LUX","C47",4801.43093138129
"1398","LUX","C48",2778.57340726473
"1399","LUX","C49",4649.54615990555
"1400","LUX","C50",7582.64312788283
"1401","LVA","C01",1676.88233437984
"1402","LVA","C02",1050.11742080591
"1403","LVA","C03",90.1118820128417
"1404","LVA","C04",788.636469062167
"1405","LVA","C05",3312.76000359214
"1406","LVA","C06",798.331932902322
"1407","LVA","C07",1294.86377130914
"1408","LVA","C08",412.040538122637
"1409","LVA","C09",273.963971151389
"1410","LVA","C10",1598.21930446896
"1411","LVA","C11",1179.11981483754
"1412","LVA","C12",600.878183072109
"1413","LVA","C13",561.640518050428
"1414","LVA","C14",630.401827620039
"1415","LVA","C15",666.112215432592
"1416","LVA","C16",776.114547502697
"1417","LVA","C17",495.926190865332
"1418","LVA","C18",458.849822460069
"1419","LVA","C19",1126.99391358279
"1420","LVA","C20",493.539040256757
"1421","LVA","C21",301.46912608121
"1422","LVA","C22",602.683662128653
"1423","LVA","C23",3773.13052763516
"1424","LVA","C24",88.3366587488855
"1425","LVA","C25",404.499226082492
"1426","LVA","C26",7291.20935384419
"1427","LVA","C27",785.820652148235
"1428","LVA","C28",3190.0953289748
"1429","LVA","C29",2434.79375796866
"1430","LVA","C30",2254.85290587412
"1431","LVA","C31",53.95354676517
"1432","LVA","C32",303.683443764574
"1433","LVA","C33",3500.93888498264
"1434","LVA","C34",178.868776216226
"1435","LVA","C35",1100.41998717892
"1436","LVA","C36",150.758848378615
"1437","LVA","C37",192.37891495133
"1438","LVA","C38",1105.45377710969
"1439","LVA","C39",887.469577551366
"1440","LVA","C40",1337.87450859043
"1441","LVA","C41",522.195319824952
"1442","LVA","C42",4954.99587761915
"1443","LVA","C43",925.580976786603
"1444","LVA","C44",1228.02068269281
"1445","LVA","C45",187.354084198305
"1446","LVA","C46",1869.52253411582
"1447","LVA","C47",2992.15928508313
"1448","LVA","C48",1795.52482204568
"1449","LVA","C49",1337.9869595825
"1450","LVA","C50",1576.93461217953
"1451","MEX","C01",57179.5402049281
"1452","MEX","C02",1590.21146286975
"1453","MEX","C03",1921.57752795575
"1454","MEX","C04",69850.6244456942
"1455","MEX","C05",163388.552427573
"1456","MEX","C06",26446.0313001345
"1457","MEX","C07",6053.92811889527
"1458","MEX","C08",18160.1195624621
"1459","MEX","C09",4628.63451702779
"1460","MEX","C10",78575.7652534431
"1461","MEX","C11",74715.4776733195
"1462","MEX","C12",13476.7061052062
"1463","MEX","C13",32391.1706416699
"1464","MEX","C14",19476.4387367889
"1465","MEX","C15",42040.6713809672
"1466","MEX","C16",30002.5414133961
"1467","MEX","C17",54569.0920216035
"1468","MEX","C18",18577.6638654942
"1469","MEX","C19",34052.6265809771
"1470","MEX","C20",111460.239189742
"1471","MEX","C21",6754.47924035643
"1472","MEX","C22",19628.6289049937
"1473","MEX","C23",31811.2286231138
"1474","MEX","C24",7151.23130990182
"1475","MEX","C25",635.748348995349
"1476","MEX","C26",166630.160585994
"1477","MEX","C27",18145.2746895546
"1478","MEX","C28",127980.131282352
"1479","MEX","C29",110783.383017683
"1480","MEX","C30",102593.49461282
"1481","MEX","C31",1619.33622398742
"1482","MEX","C32",13700.3548150102
"1483","MEX","C33",11563.3514219138
"1484","MEX","C34",2704.67670461157
"1485","MEX","C35",40806.0983019576
"1486","MEX","C36",2421.15652934471
"1487","MEX","C37",6162.45367441001
"1488","MEX","C38",36704.9879825959
"1489","MEX","C39",1096.24790770472
"1490","MEX","C40",51724.9620375896
"1491","MEX","C41",23392.0823457608
"1492","MEX","C42",13.5473522807105
"1493","MEX","C43",24256.2627796228
"1494","MEX","C44",18261.5026951207
"1495","MEX","C45",8517.29093788189
"1496","MEX","C46",214592.948904634
"1497","MEX","C47",78126.2491939664
"1498","MEX","C48",60033.2415309092
"1499","MEX","C49",41878.9840050085
"1500","MEX","C50",33553.346468495
"1501","MLT","C01",275.990645251239
"1502","MLT","C02",2.64974572121634
"1503","MLT","C03",158.042837624899
"1504","MLT","C04",59.0020200420695
"1505","MLT","C05",888.203624350251
"1506","MLT","C06",240.855264788494
"1507","MLT","C07",37.5521728762844
"1508","MLT","C08",140.00065104207
"1509","MLT","C09",75.7633273245769
"1510","MLT","C10",645.274950447027
"1511","MLT","C11",293.060187923675
"1512","MLT","C12",228.403071588953
"1513","MLT","C13",166.877754482678
"1514","MLT","C14",227.77664325207
"1515","MLT","C15",139.757840951379
"1516","MLT","C16",171.17690754222
"1517","MLT","C17",1022.57661487191
"1518","MLT","C18",239.168337166789
"1519","MLT","C19",401.862943354526
"1520","MLT","C20",289.594840008183
"1521","MLT","C21",203.962995104622
"1522","MLT","C22",263.854059267437
"1523","MLT","C23",890.744561426094
"1524","MLT","C24",44.6849553393103
"1525","MLT","C25",142.822732471535
"1526","MLT","C26",1130.73719634539
"1527","MLT","C27",152.834746412038
"1528","MLT","C28",973.008757866202
"1529","MLT","C29",809.490057236214
"1530","MLT","C30",212.612278670716
"1531","MLT","C31",1059.32376076158
"1532","MLT","C32",129.044141619169
"1533","MLT","C33",544.084283670176
"1534","MLT","C34",473.118904751733
"1535","MLT","C35",1235.3376635695
"1536","MLT","C36",201.321903434469
"1537","MLT","C37",94.497971268756
"1538","MLT","C38",584.304829073277
"1539","MLT","C39",829.797060041206
"1540","MLT","C40",4849.01793413737
"1541","MLT","C41",489.079506298293
"1542","MLT","C42",690.517522084278
"1543","MLT","C43",1403.79785148613
"1544","MLT","C44",1628.05727861498
"1545","MLT","C45",32.1831229608442
"1546","MLT","C46",1320.58680459032
"1547","MLT","C47",926.961335706743
"1548","MLT","C48",712.131775364047
"1549","MLT","C49",990.762087210037
"1550","MLT","C50",724.284261429232
"1551","NLD","C01",40520.1229181588
"1552","NLD","C02",464.95038037828
"1553","NLD","C03",601.541430521898
"1554","NLD","C04",1641.46965512634
"1555","NLD","C05",79013.4214544303
"1556","NLD","C06",13470.1392550683
"1557","NLD","C07",5524.2774896491
"1558","NLD","C08",10351.1214532998
"1559","NLD","C09",4957.51234405116
"1560","NLD","C10",42107.7373331348
"1561","NLD","C11",36089.5579277423
"1562","NLD","C12",10790.455912554
"1563","NLD","C13",12517.1173509684
"1564","NLD","C14",8495.03066660844
"1565","NLD","C15",16105.8411568208
"1566","NLD","C16",25623.6868124548
"1567","NLD","C17",53416.7763594845
"1568","NLD","C18",14318.5257784089
"1569","NLD","C19",44073.0123549006
"1570","NLD","C20",21482.2772016057
"1571","NLD","C21",9198.08391431603
"1572","NLD","C22",16455.7122122057
"1573","NLD","C23",22896.2840344757
"1574","NLD","C24",2217.8430655472
"1575","NLD","C25",5431.46060404235
"1576","NLD","C26",90389.0318579054
"1577","NLD","C27",20706.2993978609
"1578","NLD","C28",82315.0513413466
"1579","NLD","C29",49491.3807712906
"1580","NLD","C30",27733.3961591816
"1581","NLD","C31",2684.59237783588
"1582","NLD","C32",5284.73543990975
"1583","NLD","C33",20315.443857367
"1584","NLD","C34",5751.84244759384
"1585","NLD","C35",33479.1604831831
"1586","NLD","C36",8905.2505283285
"1587","NLD","C37",6153.19404500306
"1588","NLD","C38",21077.2811895092
"1589","NLD","C39",32327.4321106146
"1590","NLD","C40",63381.5252607458
"1591","NLD","C41",29763.0224426258
"1592","NLD","C42",98492.1328570527
"1593","NLD","C43",49768.2236733474
"1594","NLD","C44",37634.307132776
"1595","NLD","C45",6453.29760023261
"1596","NLD","C46",79238.7783852191
"1597","NLD","C47",87245.6596724086
"1598","NLD","C48",50947.1740607285
"1599","NLD","C49",108650.142619995
"1600","NLD","C50",38695.8258367624
"1601","NOR","C01",8855.49008084209
"1602","NOR","C02",1258.55024394342
"1603","NOR","C03",4264.44372043469
"1604","NOR","C04",30137.7252394841
"1605","NOR","C05",27757.797748884
"1606","NOR","C06",5956.32561453621
"1607","NOR","C07",6033.81045042735
"1608","NOR","C08",2419.78498516111
"1609","NOR","C09",1832.56829420698
"1610","NOR","C10",9157.13879926254
"1611","NOR","C11",6602.222825367
"1612","NOR","C12",2653.75468312947
"1613","NOR","C13",4288.48373370871
"1614","NOR","C14",5734.85621700482
"1615","NOR","C15",7681.87921258426
"1616","NOR","C16",11884.0875193437
"1617","NOR","C17",9050.92645176836
"1618","NOR","C18",6839.45161998603
"1619","NOR","C19",25795.6097894689
"1620","NOR","C20",7568.47406114638
"1621","NOR","C21",15460.9406375485
"1622","NOR","C22",5993.48760586992
"1623","NOR","C23",11718.0232032062
"1624","NOR","C24",1103.98237038446
"1625","NOR","C25",5457.19278485077
"1626","NOR","C26",70849.5571567222
"1627","NOR","C27",12177.9635597055
"1628","NOR","C28",36536.0774899867
"1629","NOR","C29",23438.7660081958
"1630","NOR","C30",13590.6751216277
"1631","NOR","C31",7148.32722472958
"1632","NOR","C32",5235.07171649871
"1633","NOR","C33",19990.3566783317
"1634","NOR","C34",1864.49397620754
"1635","NOR","C35",12489.8317614123
"1636","NOR","C36",8305.10237139665
"1637","NOR","C37",3862.75915328157
"1638","NOR","C38",10873.2407784137
"1639","NOR","C39",12164.6969135963
"1640","NOR","C40",24483.9974919166
"1641","NOR","C41",9249.26227562471
"1642","NOR","C42",47735.1307199004
"1643","NOR","C43",11444.6155142793
"1644","NOR","C44",21499.7959320103
"1645","NOR","C45",2471.24836781687
"1646","NOR","C46",24069.827096037
"1647","NOR","C47",43460.7643169651
"1648","NOR","C48",26819.339779081
"1649","NOR","C49",57734.3176867028
"1650","NOR","C50",16833.4245121486
"1651","POL","C01",33808.2471472476
"1652","POL","C02",3261.24562897255
"1653","POL","C03",941.503141646683
"1654","POL","C04",28741.4378219392
"1655","POL","C05",67427.9983650413
"1656","POL","C06",12661.0088683851
"1657","POL","C07",8361.11610923548
"1658","POL","C08",11021.7848238644
"1659","POL","C09",4445.19306997848
"1660","POL","C10",32506.3966993545
"1661","POL","C11",30782.4776332005
"1662","POL","C12",8545.2936705943
"1663","POL","C13",21565.6603578081
"1664","POL","C14",14982.0481702303
"1665","POL","C15",20662.0761561245
"1666","POL","C16",26353.3250857237
"1667","POL","C17",19426.1257309841
"1668","POL","C18",13817.1070798253
"1669","POL","C19",28998.7788481843
"1670","POL","C20",35855.1302960005
"1671","POL","C21",4980.1566344991
"1672","POL","C22",10171.9131740819
"1673","POL","C23",35512.6545631724
"1674","POL","C24",2168.7829490955
"1675","POL","C25",7409.51982113113
"1676","POL","C26",93074.5532800575
"1677","POL","C27",19604.3649579458
"1678","POL","C28",61145.0922642471
"1679","POL","C29",41116.8832289438
"1680","POL","C30",41955.5239725306
"1681","POL","C31",1773.00879465181
"1682","POL","C32",1372.01742359887
"1683","POL","C33",18503.8888404026
"1684","POL","C34",3377.03469474313
"1685","POL","C35",13530.1578561924
"1686","POL","C36",4805.98449178297
"1687","POL","C37",4890.45833411441
"1688","POL","C38",15730.0122901129
"1689","POL","C39",11918.9786355805
"1690","POL","C40",26377.6548042281
"1691","POL","C41",13618.9458794176
"1692","POL","C42",42499.8530511273
"1693","POL","C43",16638.7552123342
"1694","POL","C44",24216.5023337249
"1695","POL","C45",3846.45192249288
"1696","POL","C46",19867.802477367
"1697","POL","C47",36096.6797346968
"1698","POL","C48",30604.5673302333
"1699","POL","C49",34141.95019117
"1700","POL","C50",20856.4094975989
"1701","PRT","C01",10662.7120476213
"1702","PRT","C02",1427.33955101377
"1703","PRT","C03",959.145204821786
"1704","PRT","C04",10271.9395495842
"1705","PRT","C05",24605.5658501765
"1706","PRT","C06",11430.5379340164
"1707","PRT","C07",2546.78922239046
"1708","PRT","C08",3853.74638400873
"1709","PRT","C09",1317.64679906933
"1710","PRT","C10",12709.1254400844
"1711","PRT","C11",9851.79170182456
"1712","PRT","C12",3564.83877076295
"1713","PRT","C13",3543.90061455338
"1714","PRT","C14",3658.58178167628
"1715","PRT","C15",5124.84446775337
"1716","PRT","C16",5599.44906844434
"1717","PRT","C17",4033.86077550322
"1718","PRT","C18",3387.88690052461
"1719","PRT","C19",6690.47672646729
"1720","PRT","C20",10292.5185799548
"1721","PRT","C21",926.62603218197
"1722","PRT","C22",3540.88386393437
"1723","PRT","C23",19218.4205242768
"1724","PRT","C24",1853.54356602452
"1725","PRT","C25",3163.9246783864
"1726","PRT","C26",23363.6816986929
"1727","PRT","C27",5868.94517394201
"1728","PRT","C28",18281.1567450588
"1729","PRT","C29",17863.2355288597
"1730","PRT","C30",7988.72084374387
"1731","PRT","C31",259.245242352997
"1732","PRT","C32",1570.90674141315
"1733","PRT","C33",6613.27021590618
"1734","PRT","C34",1225.53743181814
"1735","PRT","C35",17850.0727082781
"1736","PRT","C36",1428.5330694603
"1737","PRT","C37",1879.858163422
"1738","PRT","C38",7791.52469218152
"1739","PRT","C39",4354.26290015871
"1740","PRT","C40",13571.9470695063
"1741","PRT","C41",6735.12564317137
"1742","PRT","C42",27332.2206939537
"1743","PRT","C43",7821.64019442156
"1744","PRT","C44",5576.1596815735
"1745","PRT","C45",1036.63489213192
"1746","PRT","C46",11123.3020665934
"1747","PRT","C47",22291.9139540796
"1748","PRT","C48",14574.8981297204
"1749","PRT","C49",20815.1383996166
"1750","PRT","C50",9601.94490486391
"1751","ROU","C01",17544.3235606098
"1752","ROU","C02",1788.86573924031
"1753","ROU","C03",168.368372758342
"1754","ROU","C04",13691.4500745096
"1755","ROU","C05",28390.2232626006
"1756","ROU","C06",8454.05238422135
"1757","ROU","C07",3138.84563722082
"1758","ROU","C08",2038.03375784576
"1759","ROU","C09",1354.69622115775
"1760","ROU","C10",11294.8283200499
"1761","ROU","C11",7768.53450346567
"1762","ROU","C12",3419.65558777676
"1763","ROU","C13",5849.46166854489
"1764","ROU","C14",4231.01501507669
"1765","ROU","C15",9318.56599768215
"1766","ROU","C16",6506.56550792801
"1767","ROU","C17",6088.2234425396
"1768","ROU","C18",3936.88516955471
"1769","ROU","C19",9935.6131031564
"1770","ROU","C20",12016.6960536251
"1771","ROU","C21",1696.02512862443
"1772","ROU","C22",3078.71556652244
"1773","ROU","C23",18969.6689475695
"1774","ROU","C24",1017.49561677087
"1775","ROU","C25",2317.77824549751
"1776","ROU","C26",37894.6850519419
"1777","ROU","C27",4832.36877730489
"1778","ROU","C28",20783.1065134108
"1779","ROU","C29",12150.7539168026
"1780","ROU","C30",15561.553425093
"1781","ROU","C31",1559.22826833697
"1782","ROU","C32",939.338421333581
"1783","ROU","C33",3857.34502235614
"1784","ROU","C34",967.992789005613
"1785","ROU","C35",6019.88159967411
"1786","ROU","C36",1517.9310634872
"1787","ROU","C37",1556.42142352927
"1788","ROU","C38",6038.87840784515
"1789","ROU","C39",6948.27216784296
"1790","ROU","C40",6910.6911738715
"1791","ROU","C41",2550.35948235643
"1792","ROU","C42",20315.6186297534
"1793","ROU","C43",8013.5353757661
"1794","ROU","C44",9138.8369386901
"1795","ROU","C45",1067.52296528386
"1796","ROU","C46",8355.75198051333
"1797","ROU","C47",9515.78120041667
"1798","ROU","C48",9631.44161588216
"1799","ROU","C49",9157.62959847072
"1800","ROU","C50",7747.34661575069
"1801","ROW","C01",1354012.75954329
"1802","ROW","C02",71905.6995171614
"1803","ROW","C03",111281.306415939
"1804","ROW","C04",1910574.55930671
"1805","ROW","C05",1063328.48109657
"1806","ROW","C06",529509.100321049
"1807","ROW","C07",191952.571403445
"1808","ROW","C08",128770.261959672
"1809","ROW","C09",58641.5982928464
"1810","ROW","C10",408024.171587082
"1811","ROW","C11",546766.575597763
"1812","ROW","C12",144092.416691208
"1813","ROW","C13",297888.38310529
"1814","ROW","C14",429216.935792534
"1815","ROW","C15",732047.780671676
"1816","ROW","C16",371761.396108418
"1817","ROW","C17",640647.29836091
"1818","ROW","C18",545977.638979521
"1819","ROW","C19",661868.088434479
"1820","ROW","C20",721760.750889556
"1821","ROW","C21",322945.078284428
"1822","ROW","C22",137805.882952041
"1823","ROW","C23",1991707.89713004
"1824","ROW","C24",118659.638556955
"1825","ROW","C25",75564.3467863678
"1826","ROW","C26",2424175.39470951
"1827","ROW","C27",95225.0051431453
"1828","ROW","C28",1689499.38298079
"1829","ROW","C29",665329.266334778
"1830","ROW","C30",961109.271830547
"1831","ROW","C31",297421.870466719
"1832","ROW","C32",100451.102265498
"1833","ROW","C33",186571.933967013
"1834","ROW","C34",35898.4229831349
"1835","ROW","C35",470497.888793947
"1836","ROW","C36",58605.9096249311
"1837","ROW","C37",25764.3835416356
"1838","ROW","C38",391374.489773991
"1839","ROW","C39",268198.975088662
"1840","ROW","C40",904116.872015778
"1841","ROW","C41",151990.935975672
"1842","ROW","C42",699479.068795939
"1843","ROW","C43",470055.392067202
"1844","ROW","C44",290813.994933483
"1845","ROW","C45",81225.990449378
"1846","ROW","C46",161521.390618302
"1847","ROW","C47",856280.688971043
"1848","ROW","C48",621236.941872673
"1849","ROW","C49",506956.841506986
"1850","ROW","C50",442994.126708744
"1851","RUS","C01",111687.383722752
"1852","RUS","C02",302.136793735168
"1853","RUS","C03",17873.7702551327
"1854","RUS","C04",75196.3049969174
"1855","RUS","C05",155599.467409693
"1856","RUS","C06",104052.447455912
"1857","RUS","C07",11152.9501227441
"1858","RUS","C08",21028.0634696509
"1859","RUS","C09",4431.0098506391
"1860","RUS","C10",152518.855979341
"1861","RUS","C11",69537.2083076835
"1862","RUS","C12",755.578039753246
"1863","RUS","C13",25274.5227245763
"1864","RUS","C14",37050.0844220014
"1865","RUS","C15",111256.069628298
"1866","RUS","C16",5553.62175711621
"1867","RUS","C17",46935.6672663792
"1868","RUS","C18",6861.12331557284
"1869","RUS","C19",91114.0287045439
"1870","RUS","C20",146262.984085583
"1871","RUS","C21",6333.7626670417
"1872","RUS","C22",18071.0556706861
"1873","RUS","C23",163985.953186137
"1874","RUS","C24",49.4657605180802
"1875","RUS","C25",102.360465067089
"1876","RUS","C26",249875.449105157
"1877","RUS","C27",44306.8035836032
"1878","RUS","C28",270157.343086613
"1879","RUS","C29",156866.31204345
"1880","RUS","C30",84211.4567047356
"1881","RUS","C31",3006.36074307097
"1882","RUS","C32",19017.8458413854
"1883","RUS","C33",56392.2181400171
"1884","RUS","C34",33.2657234412812
"1885","RUS","C35",29698.5812682807
"1886","RUS","C36",72.0596018490438
"1887","RUS","C37",27.711286371843
"1888","RUS","C38",55572.1821130504
"1889","RUS","C39",189.933501696795
"1890","RUS","C40",113992.46785692
"1891","RUS","C41",327.405007226899
"1892","RUS","C42",129464.215767568
"1893","RUS","C43",194.452643717712
"1894","RUS","C44",281.725693128267
"1895","RUS","C45",246.240028202128
"1896","RUS","C46",218519.555320974
"1897","RUS","C47",211877.01747924
"1898","RUS","C48",76253.5341797478
"1899","RUS","C49",116869.956565857
"1900","RUS","C50",53267.6423496295
"1901","SVK","C01",5741.70041311346
"1902","SVK","C02",1461.54180476643
"1903","SVK","C03",43.6098311471627
"1904","SVK","C04",6816.840393256
"1905","SVK","C05",8422.50101083646
"1906","SVK","C06",3120.14941472775
"1907","SVK","C07",2015.42059153972
"1908","SVK","C08",1669.42106043082
"1909","SVK","C09",538.28747558392
"1910","SVK","C10",4984.85810252652
"1911","SVK","C11",5186.19488877426
"1912","SVK","C12",2317.13813221913
"1913","SVK","C13",5477.39842319691
"1914","SVK","C14",2288.5013314764
"1915","SVK","C15",4584.71345579442
"1916","SVK","C16",7625.07577514844
"1917","SVK","C17",8085.7438030189
"1918","SVK","C18",4736.0366066603
"1919","SVK","C19",7107.16000722487
"1920","SVK","C20",18172.2482851228
"1921","SVK","C21",881.379642968827
"1922","SVK","C22",2811.36163206304
"1923","SVK","C23",12889.9572604559
"1924","SVK","C24",573.395693987046
"1925","SVK","C25",896.345023816233
"1926","SVK","C26",16280.6100050184
"1927","SVK","C27",2737.63207225376
"1928","SVK","C28",10531.372989487
"1929","SVK","C29",9745.93510862695
"1930","SVK","C30",6387.16856191124
"1931","SVK","C31",83.1284161091337
"1932","SVK","C32",230.707207657236
"1933","SVK","C33",4777.74412436397
"1934","SVK","C34",842.077444907032
"1935","SVK","C35",2369.86229893658
"1936","SVK","C36",661.575542387868
"1937","SVK","C37",522.158081247239
"1938","SVK","C38",1562.28681459524
"1939","SVK","C39",3159.48534281651
"1940","SVK","C40",3980.22746582308
"1941","SVK","C41",2702.46277779558
"1942","SVK","C42",5551.07088650018
"1943","SVK","C43",3659.38155737539
"1944","SVK","C44",4704.94990831488
"1945","SVK","C45",307.642336361999
"1946","SVK","C46",4071.2972874271
"1947","SVK","C47",8149.58530517999
"1948","SVK","C48",4587.34901256878
"1949","SVK","C49",5288.9101699567
"1950","SVK","C50",4424.47302434971
"1951","SVN","C01",2158.55625694524
"1952","SVN","C02",355.90693917506
"1953","SVN","C03",32.7867983501293
"1954","SVN","C04",942.052853493721
"1955","SVN","C05",3692.73347728122
"1956","SVN","C06",2029.70885566869
"1957","SVN","C07",753.691328319092
"1958","SVN","C08",862.845900774235
"1959","SVN","C09",613.563608709261
"1960","SVN","C10",1437.66550738938
"1961","SVN","C11",2127.94705637648
"1962","SVN","C12",2014.36629724738
"1963","SVN","C13",1286.32198039167
"1964","SVN","C14",1017.72140869613
"1965","SVN","C15",2938.1036849674
"1966","SVN","C16",2916.06337758781
"1967","SVN","C17",1537.9351889462
"1968","SVN","C18",1607.49241392978
"1969","SVN","C19",2253.25353010969
"1970","SVN","C20",2765.50214350193
"1971","SVN","C21",261.731797022293
"1972","SVN","C22",1350.50579886279
"1973","SVN","C23",2531.79001446562
"1974","SVN","C24",484.471937518941
"1975","SVN","C25",1176.05435252221
"1976","SVN","C26",6974.21508055742
"1977","SVN","C27",1286.3963954626
"1978","SVN","C28",4025.09504995491
"1979","SVN","C29",2577.58850192032
"1980","SVN","C30",2374.36332951199
"1981","SVN","C31",232.161125687824
"1982","SVN","C32",268.795992797593
"1983","SVN","C33",1369.42438899303
"1984","SVN","C34",388.581199751354
"1985","SVN","C35",2385.38007201913
"1986","SVN","C36",331.787695748966
"1987","SVN","C37",428.996880413033
"1988","SVN","C38",1654.10507239623
"1989","SVN","C39",1355.15370965001
"1990","SVN","C40",2120.7275441968
"1991","SVN","C41",1071.48420384649
"1992","SVN","C42",3470.33883889205
"1993","SVN","C43",1884.37550261861
"1994","SVN","C44",3108.25930338539
"1995","SVN","C45",739.441560802354
"1996","SVN","C46",2608.33146620946
"1997","SVN","C47",3946.38060568578
"1998","SVN","C48",3107.07314464452
"1999","SVN","C49",3491.47011901072
"2000","SVN","C50",2249.02303391166
"2001","SWE","C01",9732.3154679347
"2002","SWE","C02",5723.05827509795
"2003","SWE","C03",674.036549036386
"2004","SWE","C04",13838.3077423386
"2005","SWE","C05",28191.8244462683
"2006","SWE","C06",5385.13584006375
"2007","SWE","C07",8207.27481068638
"2008","SWE","C08",7336.24031866204
"2009","SWE","C09",3190.01650133242
"2010","SWE","C10",12459.792593143
"2011","SWE","C11",9958.19299677014
"2012","SWE","C12",5914.69279592797
"2013","SWE","C13",6668.35844283561
"2014","SWE","C14",6687.11383518204
"2015","SWE","C15",13103.3106262498
"2016","SWE","C16",17193.1531347675
"2017","SWE","C17",20037.9007945183
"2018","SWE","C18",8683.19743544277
"2019","SWE","C19",24271.3348217481
"2020","SWE","C20",29251.7586456687
"2021","SWE","C21",6552.74276889074
"2022","SWE","C22",8313.29740011563
"2023","SWE","C23",20329.2846095285
"2024","SWE","C24",2955.4593252425
"2025","SWE","C25",6997.33441985636
"2026","SWE","C26",65736.6592520046
"2027","SWE","C27",10672.9115023837
"2028","SWE","C28",44251.3150877516
"2029","SWE","C29",25159.9123161585
"2030","SWE","C30",33419.7772581581
"2031","SWE","C31",3038.8123120106
"2032","SWE","C32",5798.31288607293
"2033","SWE","C33",34621.6262038781
"2034","SWE","C34",52.3098810798247
"2035","SWE","C35",19865.491469785
"2036","SWE","C36",9571.49745971191
"2037","SWE","C37",6799.66329207976
"2038","SWE","C38",17483.2800115017
"2039","SWE","C39",20066.2488133604
"2040","SWE","C40",22302.0087139551
"2041","SWE","C41",10271.9880084744
"2042","SWE","C42",81259.0313984662
"2043","SWE","C43",23085.5395310395
"2044","SWE","C44",33494.7947055991
"2045","SWE","C45",16797.8915008803
"2046","SWE","C46",29167.9063208551
"2047","SWE","C47",43540.127574115
"2048","SWE","C48",42016.949573506
"2049","SWE","C49",78218.2354462468
"2050","SWE","C50",28510.1462407355
"2051","TUR","C01",86326.1527295982
"2052","TUR","C02",1925.33888210252
"2053","TUR","C03",924.958213283447
"2054","TUR","C04",19448.4639251679
"2055","TUR","C05",88599.3262220595
"2056","TUR","C06",95944.8126478288
"2057","TUR","C07",5275.42743075271
"2058","TUR","C08",12556.4925475493
"2059","TUR","C09",8428.73102125365
"2060","TUR","C10",39328.6264010519
"2061","TUR","C11",62065.469311699
"2062","TUR","C12",566.56932671261
"2063","TUR","C13",13818.4965951182
"2064","TUR","C14",19350.3110283695
"2065","TUR","C15",40456.8316581941
"2066","TUR","C16",10653.8851679712
"2067","TUR","C17",25172.8404275156
"2068","TUR","C18",12297.1025233045
"2069","TUR","C19",28379.2756176889
"2070","TUR","C20",17172.5287343636
"2071","TUR","C21",4789.2975802211
"2072","TUR","C22",5697.24438420698
"2073","TUR","C23",40670.8471775363
"2074","TUR","C24",5781.23279147534
"2075","TUR","C25",1224.05491715842
"2076","TUR","C26",82968.8818441012
"2077","TUR","C27",28967.3061687126
"2078","TUR","C28",65393.3407170611
"2079","TUR","C29",64331.9815595589
"2080","TUR","C30",124242.40772289
"2081","TUR","C31",12511.4288718293
"2082","TUR","C32",10602.0697841048
"2083","TUR","C33",30992.6768833323
"2084","TUR","C34",5.78973509480649
"2085","TUR","C35",46245.1136774865
"2086","TUR","C36",20.0913116502859
"2087","TUR","C37",13.4307009342665
"2088","TUR","C38",24362.9135543463
"2089","TUR","C39",2790.36647379866
"2090","TUR","C40",34224.5743464165
"2091","TUR","C41",3848.44327480252
"2092","TUR","C42",93390.8137833568
"2093","TUR","C43",90.4555269550182
"2094","TUR","C44",41750.2449317736
"2095","TUR","C45",66.9159808383394
"2096","TUR","C46",27211.8694922482
"2097","TUR","C47",57736.077924982
"2098","TUR","C48",37458.1101734188
"2099","TUR","C49",24083.9666926436
"2100","TUR","C50",21508.5692339545
"2101","TWN","C01",20452.4083572231
"2102","TWN","C02",851.72781665553
"2103","TWN","C03",2789.62678937459
"2104","TWN","C04",45534.0671792971
"2105","TWN","C05",33671.8709279098
"2106","TWN","C06",13688.6876816199
"2107","TWN","C07",2644.19747987144
"2108","TWN","C08",8488.0323422548
"2109","TWN","C09",3724.60974288992
"2110","TWN","C10",48778.860303073
"2111","TWN","C11",86807.0781919142
"2112","TWN","C12",5511.19071478753
"2113","TWN","C13",14251.1983945863
"2114","TWN","C14",14808.0381321867
"2115","TWN","C15",71509.5875623403
"2116","TWN","C16",21366.5476601968
"2117","TWN","C17",127225.541503883
"2118","TWN","C18",17079.5327951902
"2119","TWN","C19",37421.9996837435
"2120","TWN","C20",18819.0952640593
"2121","TWN","C21",10239.3525953107
"2122","TWN","C22",2202.87835752539
"2123","TWN","C23",27414.403357908
"2124","TWN","C24",1517.21046272482
"2125","TWN","C25",5480.91447212531
"2126","TWN","C26",48503.3660540432
"2127","TWN","C27",3388.80732966473
"2128","TWN","C28",42289.6713266831
"2129","TWN","C29",48034.6450068357
"2130","TWN","C30",12777.4843140021
"2131","TWN","C31",242.761719965081
"2132","TWN","C32",6081.21090273559
"2133","TWN","C33",8656.41599598517
"2134","TWN","C34",2313.05145652499
"2135","TWN","C35",29823.1230676104
"2136","TWN","C36",4872.30795603604
"2137","TWN","C37",5605.50496752797
"2138","TWN","C38",13214.3755656851
"2139","TWN","C39",7570.34057037486
"2140","TWN","C40",29772.1887486634
"2141","TWN","C41",21157.6315836508
"2142","TWN","C42",55864.0830653349
"2143","TWN","C43",1589.48807257228
"2144","TWN","C44",8560.50786498935
"2145","TWN","C45",9049.44091056914
"2146","TWN","C46",15174.358339306
"2147","TWN","C47",49073.7391938726
"2148","TWN","C48",28811.7326905373
"2149","TWN","C49",25111.325685328
"2150","TWN","C50",28792.7981324788
"2151","USA","C01",417438.424643961
"2152","USA","C02",39693.7078037961
"2153","USA","C03",24129.7945410901
"2154","USA","C04",866437.53472139
"2155","USA","C05",973822.831804217
"2156","USA","C06",244909.486144736
"2157","USA","C07",104380.722195985
"2158","USA","C08",194026.760091081
"2159","USA","C09",83529.8178050815
"2160","USA","C10",790090.494201187
"2161","USA","C11",621750.019472384
"2162","USA","C12",223819.430408998
"2163","USA","C13",249397.32013084
"2164","USA","C14",126948.306805544
"2165","USA","C15",338279.855152334
"2166","USA","C16",394258.446481338
"2167","USA","C17",553814.761453392
"2168","USA","C18",181119.764395372
"2169","USA","C19",468322.109717006
"2170","USA","C20",761574.724909945
"2171","USA","C21",250888.998485447
"2172","USA","C22",290479.492489218
"2173","USA","C23",406978.887747756
"2174","USA","C24",14237.2844514104
"2175","USA","C25",151850.151686172
"2176","USA","C26",1207117.26403379
"2177","USA","C27",386071.164880864
"2178","USA","C28",1413415.86096576
"2179","USA","C29",1307939.80724816
"2180","USA","C30",474114.214733989
"2181","USA","C31",46528.9678354412
"2182","USA","C32",174346.84770471
"2183","USA","C33",184135.12229548
"2184","USA","C34",99893.8418310073
"2185","USA","C35",897910.905478417
"2186","USA","C36",294141.492752301
"2187","USA","C37",305468.195890704
"2188","USA","C38",633290.86785206
"2189","USA","C39",563363.855520938
"2190","USA","C40",653821.742777802
"2191","USA","C41",1462523.8818684
"2192","USA","C42",2775362.70967136
"2193","USA","C43",1122022.50174995
"2194","USA","C44",757458.363340928
"2195","USA","C45",232098.678239282
"2196","USA","C46",1136571.52161599
"2197","USA","C47",3426695.24124168
"2198","USA","C48",319495.608338486
"2199","USA","C49",2090384.88300842
"2200","USA","C50",776569.655957877
